page_id,page_title,view_count,protection_level,protection_expiry,page_length,number_page_watchers,number_page_watchers_recent_edits,number_of_redirects,page_views_past_30days,total_edits,recent_number_of_edits,number_distinct_authors,number_categories
340663,Paul Reiser,,,,22427,76,9,4,80115,864,1,1,20
667049,Meg Tilly,,,,24897,81,12,0,55019,962,8,4,26
2736939,Random number generation,,,,33119,244,20,14,46350,946,7,6,15
39068821,Paige Howard,,,,4265,34,8,0,26392,60,0,0,6
41414319,Sophia Amoruso,,,,18081,Fewer than 30 watchers,,0,10757,193,0,0,15
863116,Extreme points of Earth,,,,48,332,32,0,6331,1608,0,0,2
2023424,Gewehr 98,,,,60700,96,14,23,24945,1373,3,3,14
45646371,Inuyashiki,,,,30360,36,10,3,40655,364,1,1,6
3603676,Tire code,,,,34557,94,9,15,10048,548,0,0,8
1180662,Pocono Mountains,,,,62439,87,6,6,14800,1131,0,0,10
4253041,MIL-STD-810,,,,23099,81,7,4,13295,480,3,2,4
3125556,Mikael Persbrandt,,,,13130,Fewer than 30 watchers,,0,19042,396,0,0,24
77861,Tatooine,,,,28763,110,13,15,9806,1149,2,2,9
540932,Pontiac Bonneville,,,,69068,70,12,1,14564,1030,1,1,10
1381306,Sweat gland,,,,43915,119,10,14,9331,573,3,3,15
37720592,Kernel (image processing),,,,13510,70,3,0,14109,137,4,2,
3057722,Parademon,,,,11434,33,10,3,4351,375,3,1,5
2079455,Royal blue,,,,8568,51,5,4,9407,493,1,1,5
55283097,Elliptic curve cryptography,,,,58,161,27,0,3477,1,0,0,
46311249,Make It Pop,,,,21950,Fewer than 30 watchers,,2,2153,1146,0,0,3
2196839,Tony Allen (musician),,,,21423,38,5,1,7561,413,4,3,28
432943,Baths of Caracalla,,,,33142,88,10,5,6255,532,2,2,15
6132954,Gashadokuro,,,,5876,59,13,0,16020,220,1,1,11
516027,Kirby's Dream Land,,,,26569,61,9,7,6861,841,6,4,12
36190335,House of Xtravaganza,,,,41862,Fewer than 30 watchers,,0,7651,301,1,1,5
2984941,Pillar (car),,,,9241,56,6,14,5575,193,0,0,
18483349,Diligence,,,,7189,87,7,11,6521,328,1,1,3
6371,Centaurus,,,,23426,116,12,6,7001,596,0,0,7
1964809,List of lakes of Canada,,,,40949,37,6,9,5544,560,0,0,5
155625,Penetrance,,,,8209,48,6,6,3082,189,0,0,3
63245641,G.I. Joe: A Real American Hero (1985 TV series),,,,108,111,7,0,5807,1,0,0,
5329631,Aaron Dismuke,,,,33117,44,3,3,8494,910,5,3,9
638295,Snufkin,,,,6334,Fewer than 30 watchers,,1,6424,271,0,0,4
2486084,Syllabic consonant,,,,16247,57,10,10,5461,298,0,0,25
685106,Betty Dodson,,,,10947,53,5,10,4501,303,0,0,16
2128025,Croft (land),,,,5309,44,5,15,5033,189,2,2,10
2255820,Transthoracic echocardiogram,,,,24378,Fewer than 30 watchers,,0,3617,156,1,1,2
2514063,Phil Vickery (chef),,,,5048,Fewer than 30 watchers,,0,19338,193,0,0,5
4701050,University (The Sopranos),,,,9894,Fewer than 30 watchers,,1,9958,263,0,0,7
50588221,Shane Haste,,,,93,Fewer than 30 watchers,,0,211,6,0,0,
481608,Sikorsky CH-37 Mojave,,,,11295,43,10,11,6567,206,0,0,6
48517301,Now (The Walking Dead),,,,8357,Fewer than 30 watchers,,1,2307,85,0,0,6
1929224,Culture of Afghanistan,,,,30676,145,2,7,7983,1694,10,5,5
3235466,Wadie Haddad,,,,7292,66,5,7,4060,336,0,0,14
43406039,Jaipur Pink Panthers,,,,19497,Fewer than 30 watchers,,1,2038,349,2,1,5
1251808,Master Order,,,,141,Fewer than 30 watchers,,0,1160,87,0,0,
4455796,Lateral inhibition,,,,18681,38,3,1,1421,142,0,0,
13582676,Bottle service,,,,3621,Fewer than 30 watchers,,3,2391,174,0,0,5
2680144,Leopardus,,,,19246,39,5,1,3562,328,8,4,4
14418222,Benita Hume,,,,5826,Fewer than 30 watchers,,0,2835,190,0,0,15
4095564,Lucas di Grassi,,,,151571,30,5,1,7222,981,5,3,13
1345299,Ted King (actor),,,,9573,Fewer than 30 watchers,,2,15837,307,11,3,14
505189,Continuation,,,,27847,126,10,7,2636,548,0,0,4
29642103,Kaalo,,,,5793,Fewer than 30 watchers,,0,4394,128,1,1,5
1819808,Mariana Levy,,,,8221,Fewer than 30 watchers,,0,2341,156,0,0,8
23010508,List of Kentucky Wildcats men's basketball head coaches,,,,4846,Fewer than 30 watchers,,0,975,87,1,1,2
2509600,GE AC4400CW,,,,10377,Fewer than 30 watchers,,3,4655,289,10,6,4
68660,Amon,,,,2907,Fewer than 30 watchers,,1,1904,293,1,1,
4707718,Gaya district,,,,17586,Fewer than 30 watchers,,2,2740,385,3,3,14
821919,Feck,,,,6260,35,3,4,2850,431,3,3,4
1608441,Aspect (geography),,,,7582,Fewer than 30 watchers,,2,1784,161,2,1,3
9853551,Accelerated idioventricular rhythm,,,,6613,Fewer than 30 watchers,,1,2231,76,0,0,5
10566622,Coinage Act of 1965,,,,44863,44,8,1,2168,308,1,1,7
60787107,List of Chief Ministers of Sikkim,,,,132,Fewer than 30 watchers,,0,297,2,0,0,3
10805870,Greenland in World War II,,,,21864,33,3,6,2054,344,1,1,10
1007767,DeFord Bailey,,,,20907,35,7,1,2147,270,0,0,19
4391160,Libby Fox,,,,26799,Fewer than 30 watchers,,1,948,931,0,0,6
17908749,Beluga,,,,793,47,2,3,867,125,0,0,
53482395,We Were Soldiers Once… And Young,,,,65,Fewer than 30 watchers,,0,1155,1,0,0,
24424777,Jerod Haase,,,,17902,Fewer than 30 watchers,,3,641,485,0,0,8
278429,Antenna (ZZ Top album),,,,6933,Fewer than 30 watchers,,8,21286,173,5,2,25
2884143,Martin Gottfried Weiss,,,,10950,Fewer than 30 watchers,,2,2900,192,1,1,13
16160256,Saamana,,,,4842,Fewer than 30 watchers,,5,2119,123,2,2,6
3741868,SCSI connector,,,,16688,32,2,7,1858,198,1,1,6
55453640,Military of Montenegro,,,,57,Fewer than 30 watchers,,0,622,1,0,0,
57143145,Type 4 Chi-To,,,,56,Fewer than 30 watchers,,0,1291,1,0,0,
3543585,Joule-second,,,,3097,Fewer than 30 watchers,,4,2545,111,0,0,
1244933,Hydantoin,,,,8257,Fewer than 30 watchers,,8,1503,156,0,0,9
39439111,Alistair Brammer,,,,7131,Fewer than 30 watchers,,0,2524,92,1,1,10
1352792,Sj-sound,,,,11369,45,5,16,2960,303,6,4,9
759885,Darrell Armstrong,,,,19602,Fewer than 30 watchers,,1,2470,297,0,0,4
38819129,Ikman.lk,,,,5675,Fewer than 30 watchers,,2,11238,165,1,1,7
406770,Omake,,,,5215,41,There may or may not be a watching user visiting recent edits,1,2396,144,0,0,6
7988780,"Louis Auguste, Duke of Maine",,,,18069,Fewer than 30 watchers,,7,3262,317,0,0,15
758092,Galore (The Cure album),,,,5281,Fewer than 30 watchers,,1,2568,136,0,0,5
15071142,List of city nicknames in Texas,,,,36524,Fewer than 30 watchers,,1,1461,551,3,3,23
57135880,Type 89 I-Go,,,,55,33,9,0,941,1,0,0,
21406513,BIS,,,,3172,61,3,8,997,223,3,2,
1696562,City Boy (band),,,,15052,Fewer than 30 watchers,,2,2989,284,5,3,13
35992681,Hyperestrogenism,,,,4625,Fewer than 30 watchers,,2,1504,50,1,1,10
1018662,Kadomatsu,,,,4056,Fewer than 30 watchers,,3,765,128,0,0,8
41659290,Muamer Tanković,,,,29398,Fewer than 30 watchers,,1,2293,541,7,5,9
2870161,Bell's spaceship paradox,,,,34445,63,7,1,1586,663,0,0,5
3632157,List of Lexx episodes,,,,56258,32,8,50,1245,352,0,0,7
1166477,Bubble Yum,,,,2403,Fewer than 30 watchers,,2,1568,232,0,0,
3105023,Offshore investment,,,,14596,Fewer than 30 watchers,,1,783,151,0,0,8
41407242,Billie Sutton,,,,11125,Fewer than 30 watchers,,0,1860,108,0,0,4
908505,In Which Annie Gives It Those Ones,,,,7294,Fewer than 30 watchers,,1,2273,134,0,0,7
245060,List of Roman cognomina,,,,35187,Fewer than 30 watchers,,0,2312,485,1,1,
3360224,Dougga,,,,89974,43,6,5,1372,318,1,1,27
38203019,Kate Dillon Levin,,,,22153,Fewer than 30 watchers,,0,1273,136,14,8,6
6247647,SM U-1 (Germany),,,,8146,Fewer than 30 watchers,,10,2534,146,0,0,5
4970011,"Ghum, West Bengal",,,,18250,Fewer than 30 watchers,,2,790,175,0,0,11
2626808,Masha Bruskina,,,,9185,Fewer than 30 watchers,,0,3350,188,1,1,14
22071969,The Human Factor (1979 film),,,,6869,Fewer than 30 watchers,,0,1653,171,1,1,5
3168708,Alvechurch F.C.,,,,23536,Fewer than 30 watchers,,4,1451,403,7,1,4
32291785,Quiet Birdmen,,,,20051,Fewer than 30 watchers,,5,1742,246,0,0,6
920330,Tupaia (navigator),,,,14264,Fewer than 30 watchers,,4,1735,164,2,2,16
3401414,Aeronwy Thomas,,,,6672,Fewer than 30 watchers,,2,3227,171,2,2,19
2710041,Utopia Banished,,,,6734,Fewer than 30 watchers,,1,1557,150,0,0,10
27334151,Rail transport in Vietnam,,,,66502,Fewer than 30 watchers,,3,1030,275,0,0,20
383777,Tom Henke,,,,18762,Fewer than 30 watchers,,0,2442,299,0,0,3
20580409,Lacedaemon (mythology),,,,2963,Fewer than 30 watchers,,0,1640,66,0,0,3
967654,Bottling line,,,,6460,Fewer than 30 watchers,,4,541,88,0,0,
2888633,Margraviate of Baden,,,,13315,109,5,13,1800,155,3,3,7
49085710,Brandon Semenuk,,,,6726,Fewer than 30 watchers,,0,1363,186,0,0,4
889697,U.S. Route 98,,,,14395,Fewer than 30 watchers,,29,1383,230,3,2,13
0,Jay Simpson (actor),,,,0,Fewer than 30 watchers,,0,0,,,,
49423435,Dear Uge,,,,8062,Fewer than 30 watchers,,1,1058,423,5,2,6
9937068,Mirrored,,,,7839,Fewer than 30 watchers,,3,998,237,0,0,5
10293988,Mejlis of the Crimean Tatar People,,,,22541,32,3,6,1861,278,1,1,12
6200269,Mix network,,,,14499,39,7,5,1001,88,0,0,5
996399,Lobito,,,,11618,Fewer than 30 watchers,,0,987,159,0,0,9
44086682,Black Comedy (TV series),,,,17532,Fewer than 30 watchers,,0,937,105,0,0,3
3558687,Mario Rosenstock,,,,6700,Fewer than 30 watchers,,0,722,246,1,1,8
15432584,Francis Alÿs,,,,25160,Fewer than 30 watchers,,1,727,191,0,0,24
3724576,Tom Phillips (Royal Navy officer),,,,27149,Fewer than 30 watchers,,3,1674,290,1,1,15
10593354,Inspector General of Police of the Ghana Police Service,,,,9273,Fewer than 30 watchers,,1,4297,83,2,2,5
922404,Nobuo Tobita,,,,24610,Fewer than 30 watchers,,2,1557,490,1,1,9
65357392,Refusal (horse),,,,81,Fewer than 30 watchers,,0,1154,1,0,0,
872259,"Edward Guinness, 1st Earl of Iveagh",,,,21786,Fewer than 30 watchers,,6,1621,240,0,0,22
6242348,British Traditional Wicca,,,,3352,50,8,1,1224,85,0,0,
983002,Broadcast automation,,,,11731,52,5,1,1135,171,0,0,9
48875845,Princess Mangkubumi,,,,15470,Fewer than 30 watchers,,1,2043,61,0,0,3
20919132,Fishing industry in Russia,,,,28195,Fewer than 30 watchers,,1,468,131,1,1,10
10022476,Athena (Marvel Comics),,,,22012,Fewer than 30 watchers,,0,1012,265,0,0,5
611022,Berry Islands,,,,5377,Fewer than 30 watchers,,17,967,115,0,0,8
13285817,Non-game,,,,5081,32,3,7,805,101,2,2,
23340206,Conditions (album),,,,16276,Fewer than 30 watchers,,2,752,234,0,0,17
1589070,Bank of Taiwan,,,,6999,Fewer than 30 watchers,,3,969,203,0,0,10
24659645,Canonical criticism,,,,13440,Fewer than 30 watchers,,5,756,100,0,0,5
57592063,Infamous Stringdusters,,,,57,Fewer than 30 watchers,,0,161,1,0,0,
8272226,The Last Templar,,,,10486,Fewer than 30 watchers,,2,975,264,1,1,2
23691162,Dolby 3D,,,,3401,48,8,1,456,127,0,0,2
1725253,Vasco da Gama Tower,,,,6344,Fewer than 30 watchers,,3,578,137,0,0,8
9651553,"Tottenham, Ontario",,,,1392,Fewer than 30 watchers,,1,941,98,0,0,8
127260,"Calverton, New York",,,,12072,Fewer than 30 watchers,,4,1017,105,3,2,8
12027400,Legal document assistant,,,,22738,Fewer than 30 watchers,,0,382,180,2,2,11
12667164,The Boys from County Clare,,,,5987,Fewer than 30 watchers,,3,807,85,0,0,3
16023751,List of Norwegian artists,,,,8731,Fewer than 30 watchers,,3,623,114,3,1,4
108852,"Somers, Connecticut",,,,16065,Fewer than 30 watchers,,5,1156,354,1,1,10
15225400,Hung Jury (album),,,,5273,Fewer than 30 watchers,,0,669,57,0,0,8
3209473,Ewart's sign,,,,2465,Fewer than 30 watchers,,1,547,33,1,1,3
32525399,Solar backpack,,,,5552,Fewer than 30 watchers,,0,281,71,0,0,
44406763,Sherni,,,,2473,Fewer than 30 watchers,,0,1195,60,0,0,9
2696802,HMNZS Te Mana (F111),,,,25832,Fewer than 30 watchers,,3,1167,143,1,1,6
439896,Joseph Hodges Choate,,,,17102,Fewer than 30 watchers,,3,913,207,0,0,28
23617167,Katie Stelmanis,,,,7321,Fewer than 30 watchers,,0,641,155,0,0,8
2189912,Westbury-on-Trym,,,,13466,Fewer than 30 watchers,,5,631,244,0,0,11
1595238,Hong Kong International Film Festival,,,,18653,Fewer than 30 watchers,,2,502,230,2,2,
6777458,The Best of What's Around Vol. 1,,,,7605,Fewer than 30 watchers,,1,708,184,0,0,6
27045697,Keli McGregor,,,,6191,Fewer than 30 watchers,,4,1505,91,1,1,5
5657230,José Cid,,,,20762,Fewer than 30 watchers,,2,508,212,0,0,15
32020129,Futurebirds,,,,4978,Fewer than 30 watchers,,0,1140,73,0,0,5
4652116,Credit Europe Bank,,,,5074,Fewer than 30 watchers,,2,465,127,0,0,5
3309716,History of merit badges (Boy Scouts of America),,,,39732,48,3,6,476,1074,1,1,3
8758865,Robert Zildjian,,,,3802,Fewer than 30 watchers,,1,550,111,0,0,4
2491816,Parfleche,,,,7921,Fewer than 30 watchers,,1,546,104,0,0,2
26295766,Etisalat (Sri Lanka),,,,6454,Fewer than 30 watchers,,3,723,306,0,0,4
7737864,Phi Delta Kappa,,,,4558,Fewer than 30 watchers,,6,467,138,0,0,11
7528141,Brett Dean,,,,24305,Fewer than 30 watchers,,0,345,157,0,0,25
1372704,Gord Martineau,,,,3417,Fewer than 30 watchers,,0,546,151,0,0,5
25236754,EMERK,,,,2125,Fewer than 30 watchers,,2,399,144,0,0,6
38438250,Extreme Rising,,,,16393,Fewer than 30 watchers,,3,346,284,0,0,4
10931043,Gimme Some Neck,,,,4925,Fewer than 30 watchers,,0,893,85,0,0,8
1376344,List of universities in Haiti,,,,5382,Fewer than 30 watchers,,0,366,220,4,3,2
0,Tom Simcox,,,,0,Fewer than 30 watchers,,0,0,,,,
2068773,"Luna, La Union",,,,15426,Fewer than 30 watchers,,0,729,167,2,2,12
4966415,Primorsko,,,,7603,Fewer than 30 watchers,,1,1400,133,0,0,9
17909232,Yemeni passport,,,,4662,Fewer than 30 watchers,,1,553,112,0,0,3
45621342,Alex Adair,,,,5418,Fewer than 30 watchers,,2,209,72,1,1,8
2358245,Winner Take Nothing,,,,7398,Fewer than 30 watchers,,0,991,76,0,0,4
5675972,Photo Production Ltd v Securicor Transport Ltd,,,,8533,Fewer than 30 watchers,,7,430,57,0,0,2
1971924,Order of Glory,,,,12850,Fewer than 30 watchers,,1,687,170,0,0,5
48426720,United States Capitol cornerstone laying,,,,14590,Fewer than 30 watchers,,0,405,150,0,0,4
8768984,Japanese spiny lobster,,,,2218,Fewer than 30 watchers,,2,590,56,0,0,7
41883805,Postal addresses in Gibraltar,,,,3102,Fewer than 30 watchers,,2,564,25,1,1,2
38513322,Darrell Wilson,,,,5431,Fewer than 30 watchers,,0,232,32,0,0,
16822167,Ngāti Mutunga,,,,10379,Fewer than 30 watchers,,3,1126,116,2,2,8
2920810,C5-convertase,,,,10840,Fewer than 30 watchers,,1,536,80,0,0,5
648042,ADE classification,,,,20243,32,4,3,544,154,0,0,8
11332893,Tschen La Ling,,,,6365,Fewer than 30 watchers,,2,710,127,0,0,3
8153427,Pa'l Mundo,,,,14809,Fewer than 30 watchers,,5,695,402,1,1,17
7381114,Education in Kentucky,,,,40814,Fewer than 30 watchers,,6,142,184,0,0,10
36632359,Varlam Liparteliani,,,,13447,Fewer than 30 watchers,,0,11925,232,4,4,6
2649059,1910 Tour de France,,,,27057,Fewer than 30 watchers,,0,355,175,0,0,8
28356622,Padmini Rout,,,,8490,Fewer than 30 watchers,,0,1382,116,2,2,5
27850577,Bernard McGinn (theologian),,,,13502,Fewer than 30 watchers,,1,436,69,0,0,24
9829108,Buyback,,,,638,Fewer than 30 watchers,,2,78,23,1,1,
39630312,Live at Montreux 2012,,,,3200,Fewer than 30 watchers,,0,922,44,2,2,11
2230291,Angelo Iachino,,,,8260,Fewer than 30 watchers,,0,647,101,2,1,12
40846275,Technothlon,,,,16424,Fewer than 30 watchers,,0,815,115,0,0,10
310053,Uar,,,,26,Fewer than 30 watchers,,0,447,339,0,0,
32289827,The Gravy Train,,,,3424,Fewer than 30 watchers,,0,616,40,0,0,2
40407644,Vivian Hoo Kah Mun,,,,18507,Fewer than 30 watchers,,4,3536,117,1,1,7
35767679,Ved Pratap Vaidik,,,,4222,Fewer than 30 watchers,,1,542,112,0,0,5
34389,Yukinobu Hoshino,,,,4551,Fewer than 30 watchers,,4,422,86,0,0,15
49517831,Move assignment operator,,,,2857,Fewer than 30 watchers,,0,577,35,0,0,
10700479,Industrial heritage,,,,5327,Fewer than 30 watchers,,1,299,96,0,0,5
0,Chad McNamara,,,,0,Fewer than 30 watchers,,0,0,,,,
1824796,K. Sri Dhammananda,,,,12305,Fewer than 30 watchers,,6,926,122,0,0,19
25235824,To Rob a Thief,,,,4220,Fewer than 30 watchers,,4,263,97,1,1,8
12144097,Mayfair Club,,,,5343,Fewer than 30 watchers,,1,572,88,0,0,
23662414,Urban Waste Water Treatment Directive,,,,10820,Fewer than 30 watchers,,3,159,48,0,0,5
28144534,Paula Findlay,,,,5844,Fewer than 30 watchers,,0,1776,109,0,0,4
47502334,Blair Brandt,,,,25209,Fewer than 30 watchers,,2,254,181,0,0,
2352924,National Assembly (Burundi),,,,5256,Fewer than 30 watchers,,2,503,65,0,0,4
40475716,David Gillespie (politician),,,,16404,Fewer than 30 watchers,,1,3111,96,1,1,6
24062763,Public housing estates in Kwai Chung,,,,40034,Fewer than 30 watchers,,11,469,186,12,1,7
11801946,Mikhail Piotrovsky,,,,5495,Fewer than 30 watchers,,3,360,91,0,0,18
62994235,Bluehead wrasse,,,,83,Fewer than 30 watchers,,0,58,1,0,0,
2341461,Dominic Dromgoole,,,,10746,Fewer than 30 watchers,,5,492,119,0,0,13
26077317,7.65mm Roth–Sauer,,,,2373,Fewer than 30 watchers,,3,482,15,0,0,
41818028,Elizabeth Anita Reddi,,,,3653,Fewer than 30 watchers,,0,182,56,0,0,8
0,List of Nostalgia Critic episodes (2012),,,,0,Fewer than 30 watchers,,0,0,,,,
11324325,Samuel Whitside,,,,20073,Fewer than 30 watchers,,1,465,304,0,0,2
28194310,Registrar of the University of Oxford,,,,45867,Fewer than 30 watchers,,0,99,115,0,0,8
6055852,Saintly,,,,10105,Fewer than 30 watchers,,0,157,92,0,0,8
14916076,Up All Night (East 17 album),,,,8624,Fewer than 30 watchers,,0,462,90,0,0,23
2955601,Mexcaltitán de Uribe,,,,6603,Fewer than 30 watchers,,5,1190,91,0,0,5
9759370,Gadolinium oxysulfide,,,,5950,Fewer than 30 watchers,,2,355,27,0,0,12
5707808,Banapur,,,,9972,Fewer than 30 watchers,,1,403,157,0,0,8
37092694,University of Bunda Mulia,,,,11500,Fewer than 30 watchers,,1,372,45,0,0,4
45516978,The Day Is My Enemy (song),,,,3886,Fewer than 30 watchers,,0,297,71,0,0,13
916850,"St Mary's College, Durham",,,,10540,Fewer than 30 watchers,,2,726,237,0,0,7
18998228,Telephone numbers in Andorra,,,,2745,Fewer than 30 watchers,,1,336,33,0,0,3
8789450,Devrukhe,,,,1951,Fewer than 30 watchers,,0,725,150,0,0,2
2459592,John Bly,,,,4763,Fewer than 30 watchers,,1,318,97,0,0,3
7377029,Delaware County Daily Times,,,,3222,Fewer than 30 watchers,,6,118,54,0,0,
4352243,Kita e,,,,19635,Fewer than 30 watchers,,5,231,146,0,0,3
8035336,Wig wag (truck braking systems),,,,64,Fewer than 30 watchers,,0,230,28,0,0,2
18530865,Mohamed Noor,,,,8859,Fewer than 30 watchers,,0,266,76,4,2,10
18857576,David Walters (swimmer),,,,11604,Fewer than 30 watchers,,1,1837,148,0,0,6
39178356,Volta Tour,,,,51862,Fewer than 30 watchers,,0,343,66,0,0,8
31693098,Capital structure substitution theory,,,,13998,Fewer than 30 watchers,,0,164,83,0,0,
42417116,German Whip,,,,8706,Fewer than 30 watchers,,0,309,56,0,0,5
18792140,"National Register of Historic Places listings in Sacramento County, California",,,,43365,Fewer than 30 watchers,,4,150,167,1,1,
13370334,Nandoni Dam,,,,3779,Fewer than 30 watchers,,1,436,54,0,0,4
580353,Fallturm Bremen,,,,1511,Fewer than 30 watchers,,1,489,68,0,0,2
37815274,Albert Hertzog,,,,35577,Fewer than 30 watchers,,0,742,115,0,0,11
21892912,"In Other Rooms, Other Wonders",,,,4237,Fewer than 30 watchers,,0,365,28,0,0,
44628484,George Lopez (season 4),,,,64,Fewer than 30 watchers,,0,7,37,0,0,
8614481,Shane Jennings,,,,6447,Fewer than 30 watchers,,0,247,159,0,0,6
46263710,The Disreputable History of Frankie Landau-Banks,,,,7664,Fewer than 30 watchers,,0,376,45,0,0,
7224529,Iain Ballamy,,,,14474,Fewer than 30 watchers,,0,443,242,5,4,17
23263286,Dim (album),,,,4682,Fewer than 30 watchers,,0,272,108,0,0,6
19358845,Enders Island,,,,4875,Fewer than 30 watchers,,1,1157,67,0,0,3
2265031,Cashmere High School,,,,16227,Fewer than 30 watchers,,1,339,334,2,2,14
7200330,Tsvi C. Nussbaum,,,,357,Fewer than 30 watchers,,0,49,159,0,0,
960330,George Barris (photographer),,,,2834,Fewer than 30 watchers,,0,225,161,0,0,6
3771692,Toy Pop,,,,8548,Fewer than 30 watchers,,5,396,121,0,0,6
1160658,Makio Inoue,,,,8909,Fewer than 30 watchers,,1,321,93,0,0,11
5622925,Toast rack,,,,5893,Fewer than 30 watchers,,1,301,61,0,0,
31026684,Carlos Orellana,,,,4992,Fewer than 30 watchers,,0,295,54,0,0,12
5317583,Rufus of Ephesus,,,,12017,Fewer than 30 watchers,,2,373,75,1,1,24
11907700,Maydh,,,,8125,Fewer than 30 watchers,,0,480,309,0,0,3
6521798,Dan Saleaumua,,,,7839,Fewer than 30 watchers,,0,414,117,0,0,4
10598057,Citizen Weather Observer Program,,,,4884,Fewer than 30 watchers,,3,326,76,0,0,5
37903493,Kollapur (Assembly constituency),,,,2613,Fewer than 30 watchers,,0,666,43,0,0,4
2717091,Renseneb,,,,4446,Fewer than 30 watchers,,0,162,59,0,0,
16895496,Chebyshev center,,,,8588,Fewer than 30 watchers,,1,282,58,0,0,7
20589388,Leon Ichaso,,,,4024,Fewer than 30 watchers,,0,408,45,1,1,23
25630,Politics of Réunion,,,,5674,Fewer than 30 watchers,,3,245,90,0,0,10
10388073,Termini (Rome Metro),,,,3897,Fewer than 30 watchers,,1,185,78,0,0,9
6299543,City Oval,,,,13609,Fewer than 30 watchers,,1,207,78,2,2,3
21063798,José Fedor Rey,,,,704,Fewer than 30 watchers,,1,427,35,0,0,2
43743263,Euan Spark,,,,10172,Fewer than 30 watchers,,0,586,88,1,1,5
40039079,Hwang Dong-hyuk,,,,9494,Fewer than 30 watchers,,0,846,47,1,1,5
36371998,EchoStar XVII,,,,6028,Fewer than 30 watchers,,1,237,62,0,0,
41502567,Kim Chol-man,,,,10922,Fewer than 30 watchers,,2,197,75,0,0,5
36549215,El Deber,,,,986,Fewer than 30 watchers,,1,642,20,0,0,
17943590,University of Southern California academics,,,,17896,Fewer than 30 watchers,,7,425,100,1,1,6
39011991,William Bruce Ellis Ranken,,,,7321,Fewer than 30 watchers,,0,523,119,0,0,10
25654008,Thundridge,,,,6927,Fewer than 30 watchers,,1,308,72,0,0,7
45487254,Vinnie Brand,,,,8671,Fewer than 30 watchers,,0,525,43,1,1,
11995253,Louis Delluc Prize,,,,24254,Fewer than 30 watchers,,4,260,136,0,0,
24571324,Guess I'm Doing Fine,,,,2928,Fewer than 30 watchers,,0,288,118,0,0,8
843191,Hot Potato (game show),,,,6985,Fewer than 30 watchers,,1,247,279,3,2,
35374720,Maurice Creek,,,,13486,Fewer than 30 watchers,,0,357,75,0,0,4
19152736,Bhavanga,,,,7430,Fewer than 30 watchers,,0,350,44,0,0,
9250083,Raghu Ramakrishnan,,,,3331,Fewer than 30 watchers,,0,199,48,0,0,13
25341642,Taisha-zukuri,,,,6546,Fewer than 30 watchers,,1,182,46,0,0,2
682842,Split the Difference,,,,4628,Fewer than 30 watchers,,8,254,105,0,0,11
20594585,Cromemco Dazzler,,,,12968,Fewer than 30 watchers,,0,218,88,0,0,
1974048,Marion Dewar,,,,13010,Fewer than 30 watchers,,0,214,169,0,0,7
10212088,USS Charleston (PG-51),,,,7178,Fewer than 30 watchers,,0,428,85,1,1,4
683979,Lost Patrol (video game),,,,12900,Fewer than 30 watchers,,0,338,207,2,1,9
4928189,Lucius Verginius Rufus,,,,4102,Fewer than 30 watchers,,2,289,79,0,0,10
37472441,"Glenwood Cemetery (Washington, D.C.)",,,,17775,Fewer than 30 watchers,,0,321,75,0,0,5
26552984,Anuradhapura Electoral District,,,,59418,Fewer than 30 watchers,,0,200,31,1,1,7
3593309,Relay channel,,,,4603,Fewer than 30 watchers,,0,157,39,0,0,5
48467266,Kubity,,,,11684,Fewer than 30 watchers,,0,172,99,0,0,5
8610357,Siegerrebe,,,,6319,Fewer than 30 watchers,,0,423,54,0,0,4
9709355,List of law enforcement agencies in Rhode Island,,,,6254,Fewer than 30 watchers,,1,256,105,2,2,6
31282954,5-Ethyl-DMT,,,,1846,Fewer than 30 watchers,,0,67,29,0,0,8
2204351,The Answer,,,,1908,Fewer than 30 watchers,,2,169,97,0,0,
6053264,"Harrison Mills, British Columbia",,,,13565,Fewer than 30 watchers,,0,408,77,0,0,5
43903879,Rashtram,,,,3647,Fewer than 30 watchers,,1,470,38,0,0,7
489652,Raoul Barré,,,,8823,Fewer than 30 watchers,,1,193,89,0,0,17
40843690,Hyatt Roller Bearing Company,,,,11722,Fewer than 30 watchers,,2,274,18,2,2,5
6929997,Citizen Erased,,,,302,Fewer than 30 watchers,,0,100,223,0,0,3
11130895,KOBR,,,,15094,Fewer than 30 watchers,,6,204,180,0,0,7
172275,Mecklenburgisch dialect,,,,1563,Fewer than 30 watchers,,4,143,35,0,0,
13507661,Robert J. McMahon,,,,11088,Fewer than 30 watchers,,1,139,79,2,1,13
8843264,Can't Forget About You,,,,4208,Fewer than 30 watchers,,1,288,146,0,0,3
10432105,Cecil Clarke,,,,10950,Fewer than 30 watchers,,3,259,172,1,1,5
2434270,One handgun a month law,,,,2794,Fewer than 30 watchers,,0,211,56,0,0,6
31090870,Irish Coffee (band),,,,10095,Fewer than 30 watchers,,0,269,65,0,0,5
32370723,Adelaide of Rheinfelden,,,,4030,Fewer than 30 watchers,,2,327,44,1,1,5
28886800,The Wonder Show of the World,,,,6373,Fewer than 30 watchers,,0,203,32,0,0,9
14897754,Long Island (Antigua and Barbuda),,,,4559,Fewer than 30 watchers,,3,465,45,0,0,5
36025899,In the Name of Love: A Texas Tragedy,,,,12080,Fewer than 30 watchers,,1,380,61,0,0,3
42137018,On the Way (film),,,,1660,Fewer than 30 watchers,,0,246,10,0,0,6
2370766,Ion beam analysis,,,,23591,Fewer than 30 watchers,,3,149,78,0,0,
2268251,Karen J. Williams,,,,7319,Fewer than 30 watchers,,1,186,86,0,0,5
57790502,Mairwa,,,,3738,Fewer than 30 watchers,,0,128,16,0,0,7
42830622,"Indonesian presidential election, 1999",,,,123,Fewer than 30 watchers,,0,2,37,0,0,3
1178637,Sol M. Wurtzel,,,,7798,Fewer than 30 watchers,,3,227,144,0,0,13
1518234,Model European Parliament,,,,11470,Fewer than 30 watchers,,0,75,86,0,0,4
19719510,Gil Dudson,,,,10497,Fewer than 30 watchers,,0,359,192,0,0,7
1894958,Ergastulum,,,,4552,Fewer than 30 watchers,,1,380,38,0,0,4
48491296,Joe Moore (American football coach),,,,3255,Fewer than 30 watchers,,0,420,18,0,0,2
23204469,Joongdong High School,,,,2639,Fewer than 30 watchers,,0,866,82,1,1,7
30538887,Antwerp (novel),,,,3793,Fewer than 30 watchers,,0,322,30,0,0,
2651745,Robson,,,,1591,Fewer than 30 watchers,,1,121,76,0,0,
19396237,Nuliajuk,,,,4317,Fewer than 30 watchers,,1,859,37,0,0,2
5393917,Silver (Jesu EP),,,,3367,Fewer than 30 watchers,,0,189,88,0,0,5
27816067,RSME,,,,341,Fewer than 30 watchers,,0,272,4,0,0,
876018,Aerial Common Sensor,,,,5138,Fewer than 30 watchers,,1,148,68,1,1,4
47240399,List of former Movistar riders,,,,6532,Fewer than 30 watchers,,0,365,24,0,0,2
8133326,Pasajul Macca-Vilacrosse,,,,2879,Fewer than 30 watchers,,0,227,49,0,0,6
36064717,Sorority Girls (TV series),,,,4103,Fewer than 30 watchers,,0,134,56,0,0,2
23745274,Fothergilla gardenii,,,,4573,Fewer than 30 watchers,,1,196,19,0,0,5
13080221,Penitentiary Act,,,,2403,Fewer than 30 watchers,,0,86,9,0,0,
3940288,Allen I. Olson,,,,5958,Fewer than 30 watchers,,1,216,130,1,1,10
2331491,Reinhold Begas,,,,4820,Fewer than 30 watchers,,0,154,65,0,0,25
8893201,Utica High School (Michigan),,,,5022,Fewer than 30 watchers,,0,151,409,1,1,13
30618500,16 de Septiembre,,,,1959,Fewer than 30 watchers,,1,36,20,0,0,5
44839638,Sushasan Express,,,,4853,Fewer than 30 watchers,,0,50,49,0,0,6
17390660,Jakob Kolletschka,,,,4754,Fewer than 30 watchers,,0,222,65,0,0,9
67744999,Tehrik-e-Istiqlal,,,,79,Fewer than 30 watchers,,0,100,1,0,0,
6517121,Ben Kweller (album),,,,5202,Fewer than 30 watchers,,0,192,84,1,1,5
5678569,Lollar,,,,1428,Fewer than 30 watchers,,0,160,39,1,1,10
16265503,Alois Lutz,,,,788,Fewer than 30 watchers,,0,285,24,0,0,3
11402859,Tetsworth,,,,16306,Fewer than 30 watchers,,0,280,123,9,1,9
7841805,Kotelniki,,,,4262,Fewer than 30 watchers,,2,210,61,0,0,15
16229671,Equal Rights Advocates,,,,10716,Fewer than 30 watchers,,0,77,78,0,0,12
26416380,Bill Cain,,,,6100,Fewer than 30 watchers,,0,139,68,0,0,12
62883244,Giacomo Luigi Ciamician,,,,78,Fewer than 30 watchers,,0,46,1,0,0,
177965,Rakkestad,,,,9936,Fewer than 30 watchers,,2,227,120,0,0,10
16792026,Cecilia Johansdotter of Sweden,,,,7959,Fewer than 30 watchers,,2,208,83,0,0,6
67093374,Çocuq Mərcanlı,,,,77,Fewer than 30 watchers,,0,7,2,0,0,
51992297,Benjy,,,,1435,Fewer than 30 watchers,,0,238,37,0,0,3
48468241,Annie Hawks,,,,7581,Fewer than 30 watchers,,3,340,45,0,0,10
33481716,Rhode Island Interscholastic League,,,,2773,Fewer than 30 watchers,,1,74,34,1,1,5
11202263,David Lloyd (Welsh politician),,,,5536,Fewer than 30 watchers,,2,96,128,0,0,2
23686602,1970 Scottish Cup Final,,,,4895,Fewer than 30 watchers,,0,176,39,0,0,5
31091694,The Boy Who Talked to Badgers,,,,4083,Fewer than 30 watchers,,0,289,45,0,0,4
18265854,Nica's Tempo,,,,6504,Fewer than 30 watchers,,0,193,81,0,0,5
63160937,18 Light Regiment,,,,341,Fewer than 30 watchers,,0,21,2,0,0,
28901711,Slow (Rumer song),,,,3896,Fewer than 30 watchers,,0,176,52,0,0,12
265178,Bengal potatoes,,,,344,Fewer than 30 watchers,,1,38,48,0,0,
32463408,Otto Wallburg,,,,8404,Fewer than 30 watchers,,1,115,144,0,0,12
37045259,1980 Texas Longhorns football team,,,,7631,Fewer than 30 watchers,,3,277,43,0,0,6
42833641,Yusuf Cassim,,,,2235,Fewer than 30 watchers,,0,225,20,0,0,
20525024,ACC–Big Ten Women's Challenge,,,,58100,Fewer than 30 watchers,,5,62,519,1,1,
31855582,You Won't Forget Me,,,,3999,Fewer than 30 watchers,,0,205,27,0,0,5
49658958,Postal codes in American Samoa,,,,36,Fewer than 30 watchers,,0,18,9,0,0,
18793138,Computer game (disambiguation),,,,710,Fewer than 30 watchers,,0,6,29,0,0,
12056817,Bomb Factory (band),,,,5797,Fewer than 30 watchers,,5,156,119,0,0,6
38937179,Jōkyō Monogatari,,,,2502,Fewer than 30 watchers,,1,93,21,0,0,6
41383046,Federico Gino,,,,3198,Fewer than 30 watchers,,1,89,45,0,0,4
126613,"Lenox, New York",,,,9222,Fewer than 30 watchers,,0,186,77,3,1,8
3329538,Interpolation attack,,,,12725,Fewer than 30 watchers,,0,33,37,0,0,3
38039986,Santi Celso e Giuliano,,,,3435,Fewer than 30 watchers,,0,96,37,0,0,6
3572726,John Cushnahan,,,,5220,Fewer than 30 watchers,,3,122,90,0,0,8
56521335,"Alexander de Brus, Earl of Carrick",,,,63,Fewer than 30 watchers,,0,187,1,0,0,
1708818,Marie Stubbs,,,,5069,Fewer than 30 watchers,,1,141,118,0,0,13
27387848,2010–11 Southern Football League,,,,57276,Fewer than 30 watchers,,4,121,343,1,1,2
5312220,American Coalition of Citizens with Disabilities,,,,9093,Fewer than 30 watchers,,1,94,36,2,2,4
20870152,Adam Walker (footballer),,,,6767,Fewer than 30 watchers,,0,120,106,0,0,7
36754379,A Woman of Experience,,,,7001,Fewer than 30 watchers,,0,93,45,0,0,4
3637842,Livingston North railway station,,,,9389,Fewer than 30 watchers,,2,170,189,1,1,13
25562102,Makoto Takeda,,,,2900,Fewer than 30 watchers,,0,149,46,0,0,3
44087724,R. C. Hörsch,,,,18113,Fewer than 30 watchers,,2,167,196,2,1,3
46251723,Bayombong Cathedral,,,,6024,Fewer than 30 watchers,,0,149,30,1,1,4
6223382,Eastern Goldfields,,,,7634,Fewer than 30 watchers,,0,154,52,0,0,6
10389121,Tyler Green (baseball),,,,5337,Fewer than 30 watchers,,1,239,111,3,3,3
26418199,Bill MacPhail,,,,6085,Fewer than 30 watchers,,0,117,58,0,0,2
30156889,Gavin Trippe,,,,17816,Fewer than 30 watchers,,3,76,81,0,0,6
17157507,Karen Atkinson (netball),,,,7043,Fewer than 30 watchers,,1,74,56,4,2,4
67139507,27th Virginia Infantry,,,,92,Fewer than 30 watchers,,0,117,1,0,0,
14895617,R. A. Foakes,,,,2754,Fewer than 30 watchers,,5,31,40,0,0,14
4765753,Pronephric duct,,,,1436,Fewer than 30 watchers,,2,65,19,0,0,
58903529,Polish Air Force Academy,,,,58,Fewer than 30 watchers,,0,44,1,0,0,
1765812,Queenborough railway station,,,,10910,Fewer than 30 watchers,,1,136,87,1,1,10
1078126,Patrick Chapman,,,,7601,Fewer than 30 watchers,,0,56,185,0,0,11
0,On Through the Night World Tour,,,,0,Fewer than 30 watchers,,0,0,,,,
48912755,Bismuth antimonide,,,,8361,Fewer than 30 watchers,,1,152,36,0,0,10
39316193,Algerian (solitaire),,,,2721,Fewer than 30 watchers,,1,150,61,0,0,
64022816,Detroit newspaper strike of 1995–97,,,,100,Fewer than 30 watchers,,0,18,1,0,0,
3430764,Ashot Danielyan,,,,4238,Fewer than 30 watchers,,0,423,63,0,0,4
43312337,Rock Symphonies (David Garrett album),,,,44,Fewer than 30 watchers,,0,83,13,0,0,
5443806,"Horopito, New Zealand",,,,2143,Fewer than 30 watchers,,0,292,37,0,0,7
39608447,Ernest Delahaye,,,,4333,Fewer than 30 watchers,,0,166,36,1,1,26
7442352,Cristiano Cordeiro,,,,10909,Fewer than 30 watchers,,2,122,253,0,0,5
63812731,List of UMass Minutemen in the NFL Draft,,,,133,Fewer than 30 watchers,,0,12,3,0,0,3
12916269,Sesuvium,,,,1971,Fewer than 30 watchers,,0,167,32,0,0,7
10996038,Von Joshua,,,,3979,Fewer than 30 watchers,,0,188,66,0,0,2
9688056,Mount Vaca,,,,4644,Fewer than 30 watchers,,2,81,110,0,0,
21839539,Land of Giants,,,,2577,Fewer than 30 watchers,,0,130,20,0,0,5
5068895,John Gutmann,,,,11657,Fewer than 30 watchers,,2,104,111,0,0,19
11946999,Journal of British Studies,,,,2393,Fewer than 30 watchers,,5,55,56,0,0,5
11073490,Marawara District,,,,2135,Fewer than 30 watchers,,1,189,83,1,1,4
119447,"Kelliher, Minnesota",,,,9360,Fewer than 30 watchers,,1,117,87,0,0,8
7436878,Hungary at the 1912 Summer Olympics,,,,50338,Fewer than 30 watchers,,0,1678,154,0,0,6
13556677,The Guns (band),,,,5935,Fewer than 30 watchers,,1,79,217,0,0,8
40190933,Allan Hornyak,,,,5267,Fewer than 30 watchers,,1,104,24,0,0,3
1138768,Rolf Gindorf,,,,2769,Fewer than 30 watchers,,0,158,197,0,0,14
24388574,Enes,,,,1121,Fewer than 30 watchers,,0,238,31,1,1,3
30015793,Blue Sky Solar Racing,,,,19161,Fewer than 30 watchers,,1,43,138,1,1,4
21331356,Forrest White,,,,1442,Fewer than 30 watchers,,0,88,21,0,0,11
41652373,Riccardo Massi,,,,2189,Fewer than 30 watchers,,0,64,17,0,0,8
3935008,Johannes Vodnianus Campanus,,,,4517,Fewer than 30 watchers,,6,40,110,0,0,24
15007809,Pandit Kanshi Ram,,,,3268,Fewer than 30 watchers,,1,205,33,0,0,5
1083981,Penápolis,,,,5201,Fewer than 30 watchers,,1,155,73,0,0,8
22514340,Fami,,,,1770,Fewer than 30 watchers,,0,43,21,0,0,4
1284813,Suristan,,,,714,Fewer than 30 watchers,,1,60,30,0,0,6
11020357,List of Japanese World War II explosives,,,,3765,Fewer than 30 watchers,,0,121,15,0,0,
10783245,Cleave,,,,703,Fewer than 30 watchers,,2,79,39,1,1,
2876164,Ataun,,,,2839,Fewer than 30 watchers,,0,77,65,0,0,11
49659602,List of UEFA European Championship own goals,,,,18932,Fewer than 30 watchers,,0,1199,221,1,1,2
27178040,Cathryn Humphris,,,,3313,Fewer than 30 watchers,,2,80,25,0,0,5
47578258,Wakeby distribution,,,,7274,Fewer than 30 watchers,,0,105,74,0,0,7
17984532,Fred Forman,,,,11384,Fewer than 30 watchers,,0,39,45,0,0,4
35093844,Kateřina Winterová,,,,4426,Fewer than 30 watchers,,1,78,51,2,2,13
3625538,Anahim Lake Airport,,,,2387,Fewer than 30 watchers,,1,69,48,0,0,4
8190571,Germinal epithelium,,,,542,Fewer than 30 watchers,,2,29,6,0,0,
24674516,Church of Scientology v. Sweden,,,,2213,Fewer than 30 watchers,,0,70,16,0,0,
7764306,Gas Retort House,,,,3798,Fewer than 30 watchers,,0,55,59,0,0,5
5291226,Roberval and Saguenay Railway,,,,874,Fewer than 30 watchers,,6,82,34,0,0,3
27484113,Ales Michalevic,,,,9636,Fewer than 30 watchers,,3,129,82,0,0,15
33895160,One Man's Bible,,,,11436,Fewer than 30 watchers,,3,147,34,0,0,
55702537,Kimiyasu Kudoh,,,,44,Fewer than 30 watchers,,0,55,1,0,0,
15799229,The Dead Sleep Easy,,,,7227,Fewer than 30 watchers,,0,112,58,0,0,9
20236964,I Used to Be an Animal,,,,3260,Fewer than 30 watchers,,2,150,39,0,0,9
44934631,2015 Connacht Senior Football Championship,,,,11264,Fewer than 30 watchers,,0,99,84,0,0,
8984839,Calliaqua,,,,2378,Fewer than 30 watchers,,0,134,23,0,0,7
40403698,Kim Seong-yeon,,,,5484,Fewer than 30 watchers,,1,586,46,3,3,4
25340584,Kathryn McGee,,,,11497,Fewer than 30 watchers,,1,55,71,0,0,5
47546694,Kevin Swanson,,,,443,Fewer than 30 watchers,,1,20,10,0,0,
14427463,GPR25,,,,1852,Fewer than 30 watchers,,1,10,24,0,0,
25001251,Teemu Sippo,,,,7176,Fewer than 30 watchers,,0,102,85,0,0,4
40423794,List of churches in Sogn og Fjordane,,,,43,Fewer than 30 watchers,,0,3,32,0,0,
9725695,Teruo Akiyama,,,,9148,Fewer than 30 watchers,,0,171,61,0,0,
12378138,John Birt (footballer),,,,3684,Fewer than 30 watchers,,0,120,78,0,0,8
8545507,Shivaji Education Society,,,,3678,Fewer than 30 watchers,,1,154,41,0,0,5
17155438,Bedminster Township School District,,,,7710,Fewer than 30 watchers,,0,71,56,0,0,
18789803,Karl Wien,,,,2762,Fewer than 30 watchers,,0,90,35,1,1,8
42530140,Peter Homa,,,,3463,Fewer than 30 watchers,,1,103,30,0,0,4
21017955,Joan Brosnan Walsh,,,,9708,Fewer than 30 watchers,,0,116,84,1,1,5
9977464,3rd Grey Cup,,,,3004,Fewer than 30 watchers,,1,41,51,0,0,
10506361,Mario Muscat,,,,10242,Fewer than 30 watchers,,0,140,180,0,0,11
376635,Thomas Talfourd,,,,9583,Fewer than 30 watchers,,5,105,120,0,0,25
1530666,William Allan Neilson,,,,5648,Fewer than 30 watchers,,1,113,62,0,0,26
25838919,List of Finnish films of the 2010s,,,,8382,Fewer than 30 watchers,,1,201,66,0,0,5
5130750,Sobotka,,,,3807,Fewer than 30 watchers,,0,90,46,0,0,11
23862478,Madurai-North taluk,,,,1007,Fewer than 30 watchers,,2,312,22,0,0,3
12375292,Las Vegas Garden of Love,,,,2040,Fewer than 30 watchers,,1,30,34,0,0,4
9917147,Lamin B2,,,,5794,Fewer than 30 watchers,,3,56,17,0,0,
2617303,Heinrich Paulus,,,,4127,Fewer than 30 watchers,,2,146,55,0,0,18
18837539,Miss Colombia 1999,,,,4247,Fewer than 30 watchers,,0,101,28,0,0,
47138384,Bridgewater Jerry,,,,1590,Fewer than 30 watchers,,0,130,17,0,0,
5999907,Mika Kawamura,,,,899,Fewer than 30 watchers,,2,130,44,0,0,8
37860354,Kund Park,,,,4763,Fewer than 30 watchers,,0,119,30,0,0,3
0,Robin Weisse,,,,0,Fewer than 30 watchers,,0,0,,,,
12674965,Hugh Edwards (journalist),,,,5317,Fewer than 30 watchers,,0,125,64,0,0,15
20816187,Vilar Formoso,,,,3506,Fewer than 30 watchers,,0,209,36,0,0,8
33301481,Transmission curve,,,,3218,Fewer than 30 watchers,,1,70,30,0,0,8
48857527,Hebrews 2,,,,9333,Fewer than 30 watchers,,2,92,41,0,0,
5994190,Fenice,,,,294,Fewer than 30 watchers,,1,69,14,0,0,
1183719,Eastgate,,,,1835,Fewer than 30 watchers,,2,132,80,3,2,
1125651,Gerry Sayer,,,,8096,Fewer than 30 watchers,,0,89,72,1,1,6
372560,Upper Walthamstow,,,,25,Fewer than 30 watchers,,0,20,51,0,0,
14668566,Cantenac,,,,2477,Fewer than 30 watchers,,1,54,54,0,0,10
47248582,Macro Manuscript,,,,10524,Fewer than 30 watchers,,0,57,29,0,0,4
776313,Machine Gun (band),,,,1990,Fewer than 30 watchers,,0,103,45,0,0,7
20273119,Captain Eager and the Mark of Voth,,,,2265,Fewer than 30 watchers,,2,122,30,1,1,3
6701680,Novedrate,,,,5171,Fewer than 30 watchers,,0,71,40,0,0,13
6112816,Garey Bridges,,,,3672,Fewer than 30 watchers,,0,64,31,0,0,4
33313977,Double Denim Records,,,,2059,Fewer than 30 watchers,,1,45,25,0,0,6
27837630,Edwin M. Martin,,,,8925,Fewer than 30 watchers,,1,87,51,0,0,10
15589345,WPAX,,,,7884,Fewer than 30 watchers,,1,78,38,0,0,2
5860186,Multiburst,,,,2990,Fewer than 30 watchers,,0,63,28,0,0,
18925631,Wheelchair racing at the Olympics,,,,10355,Fewer than 30 watchers,,3,799,19,0,0,
39614407,Tales from the Vienna Woods (1979 film),,,,3305,Fewer than 30 watchers,,0,103,29,0,0,6
12117362,Musée zoologique de la ville de Strasbourg,,,,2850,Fewer than 30 watchers,,3,79,60,0,0,8
54520727,Bishop of Condom,,,,63,Fewer than 30 watchers,,0,42,1,0,0,
24148086,NFL Country,,,,3457,Fewer than 30 watchers,,0,41,24,0,0,5
34510230,Sadhu Priya Das,,,,3696,Fewer than 30 watchers,,1,62,31,0,0,3
22836451,Sopwith Grasshopper,,,,2955,Fewer than 30 watchers,,0,93,22,0,0,
13615853,Kara Miller,,,,3615,Fewer than 30 watchers,,2,66,99,2,1,5
6790948,Jhyali,,,,2031,Fewer than 30 watchers,,0,211,39,0,0,4
341312,Xiamen Special Economic Zone,,,,1391,Fewer than 30 watchers,,0,67,24,0,0,3
23574596,In the Springtime of the Year,,,,1971,Fewer than 30 watchers,,0,47,30,0,0,4
27565920,Michael Craig,,,,608,Fewer than 30 watchers,,5,73,21,1,1,
25858615,Rodger Dean Duncan,,,,8605,Fewer than 30 watchers,,1,42,90,3,3,14
60534887,SLC7A1,,,,78,Fewer than 30 watchers,,0,20,1,0,0,
9669896,Virtual Global University,,,,6427,Fewer than 30 watchers,,0,158,71,0,0,4
6557089,Villafalletto,,,,2346,Fewer than 30 watchers,,0,87,45,0,0,9
23462281,"Round Hill, Alberta",,,,7014,Fewer than 30 watchers,,2,75,29,0,0,4
16793427,"La Plata, Utah",,,,7329,Fewer than 30 watchers,,0,93,40,0,0,4
20082902,Augustin Senghor,,,,1391,Fewer than 30 watchers,,0,330,14,1,1,2
13261527,Bill Anderton,,,,10924,Fewer than 30 watchers,,1,77,71,0,0,6
3216889,Beejamandal,,,,5660,Fewer than 30 watchers,,1,161,58,0,0,7
44867402,Dor Hugi,,,,5045,Fewer than 30 watchers,,1,691,70,1,1,3
43791598,You Can't Beat Love,,,,5366,Fewer than 30 watchers,,0,46,19,0,0,3
3674841,Shock Jock,,,,3930,Fewer than 30 watchers,,0,69,37,0,0,6
22713281,Yara Amaral,,,,2699,Fewer than 30 watchers,,0,87,56,0,0,19
9816481,Blinded Black,,,,3124,Fewer than 30 watchers,,4,54,127,0,0,7
23103875,Sebastian Petrycy,,,,5032,Fewer than 30 watchers,,0,71,45,0,0,11
27082111,Murray Auto Group,,,,5698,Fewer than 30 watchers,,1,56,59,0,0,3
36768724,Sherman Williams,,,,365,Fewer than 30 watchers,,2,28,6,0,0,
12152728,Uuno Turhapuro (film),,,,2873,Fewer than 30 watchers,,0,70,45,0,0,4
6082149,HMS Porlock Bay (K650),,,,8481,Fewer than 30 watchers,,8,61,50,0,0,2
45057199,John Cato,,,,25828,Fewer than 30 watchers,,2,37,190,0,0,8
39972090,Maui Nui large-billed moa-nalo,,,,2713,Fewer than 30 watchers,,4,105,24,0,0,4
36840339,Laban notation symbols,,,,12655,Fewer than 30 watchers,,1,82,55,0,0,8
4995794,Rasul Kudayev,,,,9730,Fewer than 30 watchers,,8,238,89,0,0,5
21535068,Eva Ngui,,,,13912,Fewer than 30 watchers,,0,33,72,3,1,6
11964803,Rainbow Falls (Rutherford County),,,,2351,Fewer than 30 watchers,,0,73,21,0,0,
4251572,Frank S. Niceley,,,,6936,Fewer than 30 watchers,,4,40,83,0,0,3
37814521,Morris Industrial School for Indians,,,,14562,Fewer than 30 watchers,,1,363,41,0,0,13
58177810,Dmitri Belorukov,,,,47,Fewer than 30 watchers,,0,15,1,0,0,
43426284,El cuarto mandamiento,,,,1472,Fewer than 30 watchers,,0,43,10,0,0,
5811291,Thiruvenkatam,,,,3848,Fewer than 30 watchers,,1,186,67,0,0,9
25916220,Marcelo Palau,,,,3287,Fewer than 30 watchers,,0,25,66,0,0,4
14847698,Asahi University,,,,990,Fewer than 30 watchers,,0,65,24,0,0,10
9016680,Yellow-crowned canary,,,,2376,Fewer than 30 watchers,,2,97,30,0,0,4
22026811,Mario Valenzuela,,,,2892,Fewer than 30 watchers,,0,36,35,0,0,4
39925660,Lejana como el viento,,,,6220,Fewer than 30 watchers,,0,61,22,0,0,2
32893939,John Clendenin,,,,5159,Fewer than 30 watchers,,3,29,48,0,0,5
40686125,Vaterlandslied,,,,7676,Fewer than 30 watchers,,1,42,23,0,0,2
134907,"Badger, South Dakota",,,,11369,Fewer than 30 watchers,,1,74,94,0,0,4
13981134,Bill Root (bridge),,,,6073,Fewer than 30 watchers,,1,53,75,0,0,10
2207525,Terziere,,,,1508,Fewer than 30 watchers,,0,59,15,0,0,5
41263448,Sonchus palmensis,,,,1986,Fewer than 30 watchers,,0,83,18,0,0,4
2595372,Quick (newspaper),,,,2559,Fewer than 30 watchers,,0,25,85,0,0,3
40247706,Push Any Button,,,,2852,Fewer than 30 watchers,,0,76,18,0,0,7
21508322,Gravy (entertainer),,,,2204,Fewer than 30 watchers,,0,104,28,0,0,3
17518536,Ludwig Bausch,,,,2640,Fewer than 30 watchers,,1,53,58,0,0,4
5989194,Ion Jalea,,,,12075,Fewer than 30 watchers,,0,141,115,0,0,13
24479270,Operation Crooked Code,,,,6007,Fewer than 30 watchers,,1,63,28,0,0,3
25929179,Simon-Joseph Pellegrin,,,,9484,Fewer than 30 watchers,,3,34,51,1,1,20
10959298,Reichsfilmarchiv,,,,3110,Fewer than 30 watchers,,1,123,38,0,0,4
24210765,Odomanti,,,,3456,Fewer than 30 watchers,,4,80,44,0,0,4
1781119,Domenico Ferrata,,,,5695,Fewer than 30 watchers,,1,71,84,0,0,12
7722792,La Gran Colombia University,,,,2085,Fewer than 30 watchers,,4,69,37,0,0,6
25424660,Armstrong County Sheriff's Office (Texas),,,,1662,Fewer than 30 watchers,,0,60,33,0,0,5
9772522,Chart Sutton,,,,2926,Fewer than 30 watchers,,0,65,50,0,0,6
31016387,Greek industrial railways,,,,6606,Fewer than 30 watchers,,0,94,26,0,0,3
0,Tacito Augusto Farias,,,,0,Fewer than 30 watchers,,0,12,,,,
18158229,Going Down for the Third Time,,,,2092,Fewer than 30 watchers,,1,62,28,0,0,10
7909746,Stadio Giovanni Celeste,,,,2444,Fewer than 30 watchers,,1,83,40,0,0,3
19895540,"Lots More Blues, Rags and Hollers",,,,5573,Fewer than 30 watchers,,0,105,42,0,0,5
49202536,Joakim Hykkerud,,,,2854,Fewer than 30 watchers,,1,64,29,0,0,6
6010927,Bobby Digital Presents Northstar,,,,3278,Fewer than 30 watchers,,0,59,42,0,0,5
33196979,Castle of Faria,,,,11361,Fewer than 30 watchers,,1,81,36,0,0,3
10057205,Agnese di Montefeltro,,,,2937,Fewer than 30 watchers,,2,116,45,0,0,
5318478,Purari language,,,,5176,Fewer than 30 watchers,,7,55,78,0,0,
1988333,Motion and amendment (election),,,,3392,Fewer than 30 watchers,,0,16,17,0,0,2
1127604,Shelbourne United F.C.,,,,5228,Fewer than 30 watchers,,1,87,45,0,0,2
13835712,Cryptocoryne undulata,,,,2289,Fewer than 30 watchers,,0,76,22,0,0,3
5250101,Scum Pups,,,,5862,Fewer than 30 watchers,,0,62,100,0,0,6
3154274,Spirodela punctata,,,,1462,Fewer than 30 watchers,,3,61,43,0,0,6
48148544,Bolero (magazine),,,,3909,Fewer than 30 watchers,,1,37,31,2,1,5
5918591,Thomas de Lundin,,,,4766,Fewer than 30 watchers,,1,109,26,0,0,
48556642,Li Baohua,,,,2581,Fewer than 30 watchers,,1,231,24,0,0,6
38338161,Cadmium tetrafluoroborate,,,,16599,Fewer than 30 watchers,,0,30,51,0,0,12
13813194,"Columbia Township, Whitley County, Indiana",,,,5427,Fewer than 30 watchers,,0,82,39,0,0,4
39710886,Amr Darrag,,,,8604,Fewer than 30 watchers,,0,33,86,0,0,4
11252871,Das Märchen von der schönen Lilie,,,,6962,Fewer than 30 watchers,,2,23,68,0,0,5
30111015,Adriano De Pierro,,,,4567,Fewer than 30 watchers,,0,42,33,0,0,9
43468338,Foothills School Division No. 38,,,,1165,Fewer than 30 watchers,,0,46,18,0,0,
15462443,William Libbey,,,,6591,Fewer than 30 watchers,,2,75,54,0,0,16
38348515,Rolling Stone Australia Awards,,,,5787,Fewer than 30 watchers,,0,70,21,0,0,3
15291119,Loan credit default swap index,,,,3368,Fewer than 30 watchers,,2,41,38,0,0,
27849037,Laitse,,,,2580,Fewer than 30 watchers,,0,49,22,2,1,4
1229196,Baden Teague,,,,3810,Fewer than 30 watchers,,0,30,68,1,1,10
0,"Barnes Settlement, California",,,,0,Fewer than 30 watchers,,0,0,,,,
10892441,SBMA,,,,125,Fewer than 30 watchers,,1,24,14,0,0,
5184027,2006 in basketball,,,,19593,Fewer than 30 watchers,,0,34,173,0,0,
30756779,No. 345 Squadron RAF,,,,3136,Fewer than 30 watchers,,2,34,13,0,0,7
59287664,"Belgian general election, 1958",,,,60,Fewer than 30 watchers,,0,6,1,0,0,
17146489,"Gómez Farías Municipality, Tamaulipas",,,,4442,Fewer than 30 watchers,,1,51,50,0,0,3
41646070,Ethel Rojo,,,,2337,Fewer than 30 watchers,,0,551,21,1,1,9
30699765,Descent into Chaos (Legion of the Damned album),,,,3011,Fewer than 30 watchers,,2,40,51,0,0,7
2149521,Il Demonio Nera,,,,2303,Fewer than 30 watchers,,0,46,39,0,0,8
34315924,Alan Clyne,,,,2799,Fewer than 30 watchers,,0,72,44,0,0,6
44504711,Adam Baal Shem,,,,5273,Fewer than 30 watchers,,0,212,58,40,2,11
12195071,Bochali,,,,1524,Fewer than 30 watchers,,7,213,35,0,0,5
37513635,Khadija Sharife,,,,2148,Fewer than 30 watchers,,1,67,34,0,0,8
40123985,Creative and Media Studio School,,,,2748,Fewer than 30 watchers,,3,14,27,0,0,9
24832116,"Robert Hermon-Hodge, 1st Baron Wyfold",,,,9564,Fewer than 30 watchers,,9,44,79,0,0,7
9532032,Corson,,,,696,Fewer than 30 watchers,,1,141,35,0,0,
30946717,Parliamentary Council,,,,3353,Fewer than 30 watchers,,0,45,13,0,0,4
33716841,The Goodnight,,,,4739,Fewer than 30 watchers,,0,42,35,0,0,6
11786693,Arenas de Iguña,,,,3583,Fewer than 30 watchers,,1,75,46,0,0,6
43956925,Todd D. Little,,,,5684,Fewer than 30 watchers,,0,46,26,0,0,23
7032739,Bikash Chowdhury,,,,3064,Fewer than 30 watchers,,0,159,51,0,0,9
11321469,Piastres affair,,,,2878,Fewer than 30 watchers,,1,62,30,0,0,4
1320557,KDP (disambiguation),,,,743,Fewer than 30 watchers,,1,66,58,0,0,
27421348,Galion Municipal Airport,,,,3207,Fewer than 30 watchers,,0,28,16,0,0,
12807286,Stucley baronets,,,,2228,Fewer than 30 watchers,,3,84,31,1,1,2
37640331,I Kill,,,,2688,Fewer than 30 watchers,,2,84,39,0,0,12
15439395,Kesseldorf,,,,4501,Fewer than 30 watchers,,0,22,72,0,0,14
16755122,1910–11 Montreal Canadiens season,,,,7134,Fewer than 30 watchers,,2,36,63,0,0,2
6226027,Waddell Barnes Botanical Gardens,,,,1391,Fewer than 30 watchers,,0,25,19,0,0,2
20152869,Natércia,,,,2251,Fewer than 30 watchers,,1,24,47,0,0,4
43046930,"St Joseph's Catholic School, Laverstock",,,,2196,Fewer than 30 watchers,,2,50,29,0,0,9
25837153,Ole Eirik Lerøy,,,,1530,Fewer than 30 watchers,,2,35,12,0,0,4
42747526,Mario Maisonnave,,,,3519,Fewer than 30 watchers,,2,57,46,0,0,4
18484082,Gananda Central School District,,,,3404,Fewer than 30 watchers,,0,63,48,0,0,2
12916976,William Cunliffe Brooks,,,,8492,Fewer than 30 watchers,,2,70,125,1,1,10
27534683,Vitis popenoei,,,,1733,Fewer than 30 watchers,,3,33,17,0,0,4
8696306,William Hamilton Nisbet,,,,3235,Fewer than 30 watchers,,0,66,27,0,0,2
46289529,"Belmont Park, Long Beach, California",,,,4193,Fewer than 30 watchers,,0,119,16,0,0,5
17382664,Capital Execution,,,,4669,Fewer than 30 watchers,,1,37,51,0,0,7
46529598,Wang Ke,,,,303,Fewer than 30 watchers,,0,7,5,0,0,
17764196,Gaius Fonteius Agrippa,,,,3544,Fewer than 30 watchers,,1,77,35,0,0,6
27927613,El Valle Golf Resort,,,,2315,Fewer than 30 watchers,,0,60,18,1,1,
134834,"New Holland, South Dakota",,,,7928,Fewer than 30 watchers,,1,81,49,0,0,4
48562880,"Sir Hugh Smithson, 1st Baronet",,,,12451,Fewer than 30 watchers,,0,107,38,0,0,
24202434,Fred Griffiths (footballer),,,,8123,Fewer than 30 watchers,,0,38,65,0,0,3
26335995,Antonio Sabato (footballer),,,,6447,Fewer than 30 watchers,,0,93,39,0,0,3
20229913,Toboali,,,,5796,Fewer than 30 watchers,,1,54,50,0,0,5
117674,"Vevay Township, Michigan",,,,8687,Fewer than 30 watchers,,4,31,57,0,0,5
48607656,Merid Wolde Aregay,,,,4136,Fewer than 30 watchers,,0,93,20,1,1,4
13960529,Ernest Francillon,,,,705,Fewer than 30 watchers,,0,50,40,0,0,12
22832351,Orbiting Vehicle,,,,23929,Fewer than 30 watchers,,1,77,192,4,1,3
2394769,San Andrés Semetabaj,,,,12301,Fewer than 30 watchers,,1,43,30,0,0,9
10533356,Sky Trek International Air Lines,,,,5229,Fewer than 30 watchers,,2,51,55,0,0,4
2744097,James Brown (Scottish politician),,,,8731,Fewer than 30 watchers,,0,47,88,0,0,8
1537239,Jingū-mae Station,,,,5811,Fewer than 30 watchers,,2,55,66,0,0,11
34649708,A Brother with Perfect Timing,,,,3481,Fewer than 30 watchers,,2,29,45,0,0,7
17731197,Mikko Juva,,,,3496,Fewer than 30 watchers,,0,27,69,0,0,12
577615,Buckman,,,,2156,Fewer than 30 watchers,,1,15,40,0,0,
44061394,The Suspect (1916 film),,,,2064,Fewer than 30 watchers,,0,32,29,0,0,4
41908403,Impact Records (California),,,,21833,Fewer than 30 watchers,,2,71,62,3,1,3
45178736,Matthew v S,,,,2203,Fewer than 30 watchers,,2,35,3,0,0,
7457195,Ira Davenport (athlete),,,,3163,Fewer than 30 watchers,,1,91,73,0,0,4
6459308,Shin Joon-sup,,,,6444,Fewer than 30 watchers,,3,152,98,0,0,5
36017881,ARU TV,,,,5725,Fewer than 30 watchers,,0,24,58,1,1,5
49613774,Caitlin Montanye Parrish,,,,46,Fewer than 30 watchers,,0,15,6,0,0,
24885477,Garmin Arena,,,,552,Fewer than 30 watchers,,2,20,12,1,1,4
31264453,Kontaktor,,,,3127,Fewer than 30 watchers,,1,7,33,0,0,9
33033798,Matzleinsdorf Protestant Cemetery,,,,5341,Fewer than 30 watchers,,0,61,34,0,0,4
2477193,HMS Ithuriel (1916),,,,14242,Fewer than 30 watchers,,0,146,66,0,0,3
33935576,"Klub književnika, Belgrade",,,,10573,Fewer than 30 watchers,,3,49,77,0,0,3
25186128,Beccán mac Luigdech,,,,2395,Fewer than 30 watchers,,2,30,28,0,0,2
19318807,Éon de l'Étoile,,,,5164,Fewer than 30 watchers,,4,46,26,0,0,3
43633955,Randomness merger,,,,6351,Fewer than 30 watchers,,0,25,12,0,0,
45381143,Merle Flowers,,,,2197,Fewer than 30 watchers,,0,33,25,0,0,4
16084807,Petar Popović (chess player),,,,2939,Fewer than 30 watchers,,1,37,46,0,0,3
25832478,Paul Seabury,,,,4428,Fewer than 30 watchers,,1,30,54,3,1,15
42611138,Italy–Yemen relations,,,,1159,Fewer than 30 watchers,,1,50,28,1,1,8
38646355,Bhuvanaikabahu IV of Gampola,,,,2283,Fewer than 30 watchers,,0,100,15,0,0,3
30738822,Maciachini (Milan Metro),,,,1982,Fewer than 30 watchers,,1,37,30,0,0,3
13124375,Portaje,,,,1870,Fewer than 30 watchers,,3,24,40,0,0,10
49990639,Across the Dead-Line,,,,4049,Fewer than 30 watchers,,1,18,18,0,0,7
38412784,Ron Hadfield,,,,4127,Fewer than 30 watchers,,1,45,50,1,1,7
59262735,"Watford Borough Council election, 2016",,,,68,Fewer than 30 watchers,,0,0,1,0,0,
24536793,Keith Carter (swimmer),,,,7207,Fewer than 30 watchers,,0,76,122,0,0,3
10638938,British Society for Plant Pathology,,,,2801,Fewer than 30 watchers,,3,26,45,0,0,8
23802865,Secret Green,,,,2111,Fewer than 30 watchers,,0,37,56,0,0,6
65666669,2010–11 A-League National Youth League,,,,104,Fewer than 30 watchers,,0,3,1,0,0,
27140369,Gianpaolo Castorina,,,,5013,Fewer than 30 watchers,,0,30,26,0,0,5
35534569,Lex Plaetoria,,,,4648,Fewer than 30 watchers,,0,58,7,0,0,2
46927733,Dorothea-Maria Rosen,,,,4580,Fewer than 30 watchers,,2,40,35,1,1,2
9295202,"Grandview Township, Washington County, Ohio",,,,5775,Fewer than 30 watchers,,2,30,37,0,0,7
32714938,Qalandarabad,,,,1922,Fewer than 30 watchers,,0,12,20,1,1,6
2430557,Six Points,,,,445,Fewer than 30 watchers,,2,28,22,0,0,
38959487,Tilly Fleischmann,,,,18251,Fewer than 30 watchers,,0,54,55,0,0,10
1749714,Kennel Club Books,,,,76,Fewer than 30 watchers,,0,7,29,0,0,3
25496673,Guaraciaba do Norte,,,,5839,Fewer than 30 watchers,,0,21,33,0,0,7
48683698,Morton and Mayo,,,,10707,Fewer than 30 watchers,,2,60,51,0,0,3
39052370,Roman à tiroirs,,,,1281,Fewer than 30 watchers,,1,40,5,0,0,
18848707,Jonathan Chase,,,,300,Fewer than 30 watchers,,4,13,11,0,0,
14845161,Anna Maria Busse Berger,,,,5847,Fewer than 30 watchers,,0,36,95,0,0,16
8031855,N-211 road (Spain),,,,2555,Fewer than 30 watchers,,3,21,36,0,0,2
0,Allen Bares,,,,0,Fewer than 30 watchers,,0,0,,,,
21049307,Eric Loudoun-Shand,,,,7016,Fewer than 30 watchers,,4,21,62,0,0,10
18116160,Newton Reigny,,,,2172,Fewer than 30 watchers,,0,85,23,0,0,11
1719982,Cannanore (disambiguation),,,,492,Fewer than 30 watchers,,0,36,12,0,0,
659643,Seven Hills,,,,104,Fewer than 30 watchers,,0,13,29,0,0,5
20390920,Basatpur,,,,4213,Fewer than 30 watchers,,0,20,35,0,0,4
26919811,Harold Charles,,,,2400,Fewer than 30 watchers,,1,24,34,0,0,4
23007585,Fausta of Sirmium,,,,1228,Fewer than 30 watchers,,0,52,23,1,1,
10157658,Valiyavila,,,,6212,Fewer than 30 watchers,,0,80,62,0,0,14
38054781,Edge of Twilight (series),,,,3288,Fewer than 30 watchers,,0,25,25,0,0,
12950746,Koolu,,,,1484,Fewer than 30 watchers,,0,21,40,0,0,7
19741658,List of ambassadors of the United Kingdom to Georgia,,,,4606,Fewer than 30 watchers,,9,55,25,0,0,6
20339766,Lou Bauer,,,,1634,Fewer than 30 watchers,,0,23,22,0,0,3
54664314,Albert says... The Nature Knows Best,,,,63,Fewer than 30 watchers,,0,8,1,0,0,
59240073,"Prince Edward Island general election, 2000",,,,73,Fewer than 30 watchers,,0,2,1,0,0,
15566959,Stade des Ponts Jumeaux,,,,3012,Fewer than 30 watchers,,0,15,25,0,0,4
39559402,Norwich Canoe Club,,,,7113,Fewer than 30 watchers,,0,20,133,1,1,5
14596926,Heather Buchman,,,,6711,Fewer than 30 watchers,,0,14,83,0,0,5
25288255,Cyril Peacock,,,,7215,Fewer than 30 watchers,,0,32,46,0,0,3
40148695,Good Vibrations (miniseries),,,,2337,Fewer than 30 watchers,,0,30,20,0,0,4
19345695,Frederick Douglas Underwood,,,,7154,Fewer than 30 watchers,,1,22,34,0,0,6
7200799,Jonas Snäckmark,,,,2060,Fewer than 30 watchers,,5,22,115,0,0,6
45628340,List of Paraguayan women writers,,,,1697,Fewer than 30 watchers,,0,22,25,0,0,4
13161135,Villamayor de los Montes,,,,1996,Fewer than 30 watchers,,2,19,41,0,0,11
38309501,List of theatres in Serbia,,,,5604,Fewer than 30 watchers,,0,36,24,0,0,2
47319664,The Wick Local Nature Reserve,,,,1633,Fewer than 30 watchers,,0,22,5,0,0,2
48466294,Newport (steamboat),,,,32823,Fewer than 30 watchers,,0,20,24,0,0,
5193058,"Skåre, Norway",,,,7175,Fewer than 30 watchers,,1,38,16,0,0,8
49872243,Gregorio Sciltian,,,,2196,Fewer than 30 watchers,,0,47,14,0,0,20
36933162,Charles Angell Bradford,,,,6671,Fewer than 30 watchers,,0,17,58,0,0,8
25379910,Parrita,,,,4344,Fewer than 30 watchers,,2,36,26,0,0,8
21034335,Beckley Bog,,,,3120,Fewer than 30 watchers,,0,31,21,0,0,2
52694689,Liam Hackett (activist),,,,43,Fewer than 30 watchers,,0,4,1,0,0,
59297856,"Lithuanian presidential election, 1993",,,,68,Fewer than 30 watchers,,0,0,1,0,0,
42141402,Lindsay Irvine,,,,5590,Fewer than 30 watchers,,0,48,48,0,0,5
43928755,Robert Ellis Dudgeon,,,,7659,Fewer than 30 watchers,,0,54,29,0,0,16
4887423,Huberman,,,,570,Fewer than 30 watchers,,1,179,34,3,2,4
22144825,Håkan Bråkan,,,,3416,Fewer than 30 watchers,,2,35,39,0,0,7
31802798,Marius Stan (politician),,,,3305,Fewer than 30 watchers,,1,77,40,1,1,5
54678610,Luís Martins (footballer born 1963),,,,68,Fewer than 30 watchers,,0,3,1,0,0,
2297903,Wauchope,,,,1153,Fewer than 30 watchers,,7,62,18,0,0,
0,Alexander Frank,,,,0,Fewer than 30 watchers,,0,0,,,,
28842876,Malna,,,,4565,Fewer than 30 watchers,,0,19,9,0,0,4
8610539,Henry Graybill Lamar,,,,2373,Fewer than 30 watchers,,3,42,41,0,0,6
21881728,Lorna Dyer,,,,4671,Fewer than 30 watchers,,0,25,38,1,1,3
20947278,Peter C. Myers,,,,2647,Fewer than 30 watchers,,0,49,31,0,0,10
25569730,Jardim de Piranhas,,,,5192,Fewer than 30 watchers,,0,11,28,0,0,7
15567971,Altagène,,,,9447,Fewer than 30 watchers,,1,22,78,0,0,13
26274355,Jose de Sousa Campos,,,,1729,Fewer than 30 watchers,,0,12,21,0,0,3
31272715,Buddleja tibetica,,,,4613,Fewer than 30 watchers,,1,17,59,0,0,3
38797210,Peter Adriaens,,,,9518,Fewer than 30 watchers,,1,19,25,0,0,3
44331911,Malko Tarnovo Municipality,,,,2710,Fewer than 30 watchers,,0,39,9,0,0,10
29496576,Williamstown Town Hall,,,,1980,Fewer than 30 watchers,,0,19,18,0,0,2
22875818,Fire Was Born,,,,2100,Fewer than 30 watchers,,1,13,28,0,0,7
22906178,Elizabeth Kuti,,,,4204,Fewer than 30 watchers,,1,27,53,0,0,11
24052587,Ingazeira,,,,2624,Fewer than 30 watchers,,0,23,30,0,0,3
15451465,Jonathan Bliss,,,,2341,Fewer than 30 watchers,,1,25,23,0,0,2
47964891,Heteropsammia cochlea,,,,4040,Fewer than 30 watchers,,8,59,22,0,0,3
9210221,Raoul Wallenberg Committee of the United States,,,,3325,Fewer than 30 watchers,,1,48,34,0,0,5
11350621,Radio Cracker,,,,6792,Fewer than 30 watchers,,1,29,78,0,0,
15369432,Wolf Creek National Fish Hatchery,,,,4379,Fewer than 30 watchers,,0,30,39,0,0,3
34306486,Leonard Feather's Encyclopedia of Jazz,,,,2585,Fewer than 30 watchers,,0,20,5,0,0,5
19410139,Matthew Concanen,,,,4561,Fewer than 30 watchers,,2,12,79,0,0,12
23523304,Smedstorp Castle,,,,3077,Fewer than 30 watchers,,0,32,22,0,0,2
5994100,Krouse v Chrysler Canada Ltd,,,,6579,Fewer than 30 watchers,,1,45,39,0,0,3
352758,Akizuki Tanezane,,,,1741,Fewer than 30 watchers,,1,78,51,0,0,4
18315071,Minor Inscriptions of Kharavela,,,,8070,Fewer than 30 watchers,,0,89,40,5,2,4
16227471,Amdoukal,,,,1080,Fewer than 30 watchers,,1,26,17,0,0,5
12226073,Strass im Zillertal,,,,2789,Fewer than 30 watchers,,0,23,26,0,0,8
57770197,Dongdan Station,,,,46,Fewer than 30 watchers,,0,2,1,0,0,
61321319,Lake Beresford International Rowing Center,,,,60,Fewer than 30 watchers,,0,3,1,0,0,
0,Sosia (gens),,,,0,Fewer than 30 watchers,,0,0,,,,
14545971,Tredunnock,,,,3716,Fewer than 30 watchers,,0,31,51,0,0,8
29863349,Adams Streeter,,,,1639,Fewer than 30 watchers,,0,36,22,0,0,3
15702372,Le Thil,,,,1339,Fewer than 30 watchers,,0,4,48,0,0,9
15688426,Le Vernois,,,,1701,Fewer than 30 watchers,,0,20,42,0,0,9
1573973,Vega (crater),,,,5759,Fewer than 30 watchers,,0,38,36,0,0,
40967592,Turkmen National Theatre of Youth,,,,2274,Fewer than 30 watchers,,0,28,11,0,0,5
31214359,Andrea Bölk,,,,951,Fewer than 30 watchers,,2,18,14,0,0,3
47702165,Sitora Hamidova,,,,2424,Fewer than 30 watchers,,1,77,21,0,0,6
38682594,Elisabeth Hirsch,,,,7816,Fewer than 30 watchers,,4,48,70,0,0,7
37658705,Jagannathpur-Parulia,,,,2503,Fewer than 30 watchers,,0,41,17,2,2,8
34554210,Rocafort de Queralt,,,,3855,Fewer than 30 watchers,,0,18,35,0,0,8
31819967,Garnir relations,,,,5938,Fewer than 30 watchers,,2,52,18,0,0,2
16825300,Calhoun County Courthouse (South Carolina),,,,3739,Fewer than 30 watchers,,0,25,28,0,0,5
11630234,Harvey H. Johnson,,,,3018,Fewer than 30 watchers,,0,19,33,0,0,2
24929447,Finnish Congregational Church and Parsonage,,,,3295,Fewer than 30 watchers,,0,17,19,0,0,4
47602901,Devakar Falls,,,,1587,Fewer than 30 watchers,,0,157,19,0,0,7
15668673,Chatonnay,,,,1754,Fewer than 30 watchers,,0,19,43,0,0,10
0,The Psychic Nature of Being,,,,0,Fewer than 30 watchers,,0,0,,,,
27163869,Bou Hanifia,,,,2849,Fewer than 30 watchers,,0,20,15,0,0,6
13816184,Fossa (river),,,,1670,Fewer than 30 watchers,,2,50,33,2,1,5
42528138,"Montevallo, Missouri",,,,2370,Fewer than 30 watchers,,1,39,22,0,0,3
19987646,Grande Enciclopédia Portuguesa e Brasileira,,,,1465,Fewer than 30 watchers,,1,33,25,0,0,4
38377889,Mishen,,,,1828,Fewer than 30 watchers,,4,17,5,0,0,5
31655410,Viola libanotica,,,,1644,Fewer than 30 watchers,,0,42,14,0,0,3
27892070,"George Whitworth (footballer, born 1896)",,,,5422,Fewer than 30 watchers,,1,21,31,0,0,7
41174481,Joe Ferras,,,,3757,Fewer than 30 watchers,,1,14,27,0,0,4
15568652,Saint-Marien,,,,1814,Fewer than 30 watchers,,0,17,49,0,0,10
3828229,Paul Winslow (cricketer),,,,3860,Fewer than 30 watchers,,1,50,51,0,0,5
31005029,Gyöngyi Drávai,,,,4007,Fewer than 30 watchers,,1,22,27,0,0,5
63982450,LMS Stanier Class 5 4-6-0 44738-57,,,,84,Fewer than 30 watchers,,0,7,1,0,0,
0,Eze Collins,,,,0,Fewer than 30 watchers,,0,0,,,,
35904660,Bill Woodhouse,,,,1464,Fewer than 30 watchers,,0,17,21,0,0,2
24612614,Philippe Heberlé,,,,1543,Fewer than 30 watchers,,2,119,19,0,0,3
28497327,Solomiia Pavlychko,,,,4795,Fewer than 30 watchers,,4,40,54,0,0,12
24928412,Vytautas Paliūnas,,,,1233,Fewer than 30 watchers,,1,6,22,0,0,9
39965404,Aplow,,,,1960,Fewer than 30 watchers,,1,28,11,0,0,2
18935572,Unravelling,,,,1117,Fewer than 30 watchers,,7,42,15,0,0,
7304516,Giles Cooper Awards,,,,6175,Fewer than 30 watchers,,3,14,63,0,0,
47316938,Australian Trade Union Archives,,,,1843,Fewer than 30 watchers,,0,12,16,0,0,
12208132,Nicolás Rodríguez,,,,473,Fewer than 30 watchers,,3,31,55,4,3,
36466994,Lelei Fonoimoana,,,,2338,Fewer than 30 watchers,,1,50,24,0,0,4
30940850,Fiskum,,,,4769,Fewer than 30 watchers,,0,21,13,0,0,5
46196195,Floscopa scandens,,,,1022,Fewer than 30 watchers,,1,35,12,0,0,8
4944329,Katherine Hastings,,,,6612,Fewer than 30 watchers,,0,22,114,0,0,10
18706150,Berkshire Life Insurance Company Building,,,,4151,Fewer than 30 watchers,,0,20,30,0,0,9
133515,"Jackson Township, Northumberland County, Pennsylvania",,,,6828,Fewer than 30 watchers,,1,23,50,0,0,5
29240116,"Braim, Alberta",,,,5708,Fewer than 30 watchers,,0,8,18,0,0,5
15899753,Chevenon,,,,1781,Fewer than 30 watchers,,0,7,42,0,0,13
62080212,Made for Each Other (album),,,,69,Fewer than 30 watchers,,0,0,2,0,0,2
56577556,Hanyang University Station,,,,57,Fewer than 30 watchers,,0,0,1,0,0,
7599875,Botenlauben Castle,,,,3382,Fewer than 30 watchers,,2,66,45,0,0,
36326028,1964–65 Serie C,,,,6970,Fewer than 30 watchers,,2,15,18,0,0,2
37876103,Maurice Le Glay,,,,6642,Fewer than 30 watchers,,0,24,40,1,1,9
27456457,Robert L. Chidlaw-Roberts,,,,7829,Fewer than 30 watchers,,0,46,57,0,0,6
49852127,Russell Barlow,,,,6268,Fewer than 30 watchers,,0,16,22,0,0,5
12592055,Wayne's World (disambiguation),,,,1219,Fewer than 30 watchers,,0,33,20,0,0,
47034910,Francisco Rodríguez Zegada,,,,3420,Fewer than 30 watchers,,1,64,23,0,0,4
59315363,"United States Virgin Islands Republican caucus, 2016",,,,88,Fewer than 30 watchers,,0,12,2,0,0,
21243580,Pseudodracontium,,,,1057,Fewer than 30 watchers,,0,37,18,0,0,2
39010249,Dundee (surname),,,,945,Fewer than 30 watchers,,0,48,8,0,0,3
20041135,Arun Thakur,,,,3542,Fewer than 30 watchers,,0,25,23,0,0,4
2966447,Rougemont Airport,,,,1026,Fewer than 30 watchers,,1,12,33,0,0,3
38171430,Mahajamba River,,,,717,Fewer than 30 watchers,,0,17,17,0,0,3
40156379,"Robert Nairne, 1st Lord Nairne",,,,2757,Fewer than 30 watchers,,0,26,20,0,0,5
27015676,Evdokiya,,,,637,Fewer than 30 watchers,,0,91,10,0,0,5
2681934,Epsilon Sextantis,,,,6815,Fewer than 30 watchers,,2,23,31,0,0,3
32646297,Jeffrey R. Di Leo,,,,7209,Fewer than 30 watchers,,1,21,45,0,0,13
15633019,Poplar High School,,,,1743,Fewer than 30 watchers,,0,15,61,0,0,10
15614328,"Blue Grass Township, Scott County, Iowa",,,,3455,Fewer than 30 watchers,,0,14,17,0,0,5
41066086,"Kingsburg, South Carolina",,,,3108,Fewer than 30 watchers,,0,17,8,0,0,6
13441025,State of Play (conference series),,,,5116,Fewer than 30 watchers,,1,35,33,0,0,
15435318,Verdun-en-Lauragais,,,,1778,Fewer than 30 watchers,,0,17,53,0,0,13
47875305,Sierra de Híjar,,,,7440,Fewer than 30 watchers,,1,23,19,0,0,2
16109438,Sembé District,,,,3292,Fewer than 30 watchers,,1,33,9,0,0,6
15834141,Creaser Hotel,,,,2335,Fewer than 30 watchers,,0,11,26,0,0,5
0,G. L. P. Wren,,,,0,Fewer than 30 watchers,,0,0,,,,
25615773,Had-Sahary,,,,2883,Fewer than 30 watchers,,1,8,8,0,0,6
22836206,Gymnopleurus,,,,5979,Fewer than 30 watchers,,0,82,28,7,2,5
23643060,P.O. Sukhoy Homiel State Technical University,,,,62,Fewer than 30 watchers,,0,1,24,0,0,
41627730,MV Stena Nordica,,,,429,Fewer than 30 watchers,,3,14,7,0,0,3
15139748,Hugh IV of Rodez,,,,2219,Fewer than 30 watchers,,0,38,16,0,0,2
4972179,Blackpool Gate,,,,1590,Fewer than 30 watchers,,1,43,20,0,0,8
41933953,Kam Khan,,,,1759,Fewer than 30 watchers,,0,5,9,0,0,8
12793009,Aziz El Khanchaf,,,,1207,Fewer than 30 watchers,,0,10,37,0,0,3
16633924,18880 Toddblumberg,,,,9868,Fewer than 30 watchers,,1,9,78,1,1,2
16339155,Danny Gloor,,,,4667,Fewer than 30 watchers,,1,15,23,0,0,3
46383642,Brian Aldridge,,,,350,Fewer than 30 watchers,,2,35,3,0,0,
46873549,Goudarz Davoudi,,,,4054,Fewer than 30 watchers,,0,6,18,0,0,4
12837712,Lew Richie,,,,1760,Fewer than 30 watchers,,0,15,24,0,0,3
20732107,Daniel B. Cathcart,,,,1528,Fewer than 30 watchers,,1,18,25,0,0,8
34119133,W.C. Dodson,,,,5310,Fewer than 30 watchers,,3,27,20,0,0,3
49365794,Independent Group (Kenya),,,,1770,Fewer than 30 watchers,,1,17,3,0,0,
26458474,Percy Elland,,,,963,Fewer than 30 watchers,,0,7,13,0,0,
21035719,Hoeppner,,,,946,Fewer than 30 watchers,,1,40,23,0,0,3
23248973,Xerochloa,,,,2287,Fewer than 30 watchers,,1,14,19,0,0,7
15519634,1958 Wake Forest Demon Deacons football team,,,,3470,Fewer than 30 watchers,,3,14,27,0,0,5
17557292,Abdi Shire Warsame,,,,1572,Fewer than 30 watchers,,0,35,29,0,0,9
33268311,Massa Candida,,,,706,Fewer than 30 watchers,,1,43,17,0,0,3
26069433,Aïn Oulmane District,,,,2786,Fewer than 30 watchers,,1,17,7,0,0,5
15438126,"Montlaur, Aveyron",,,,2155,Fewer than 30 watchers,,0,18,55,1,1,14
48401254,"Queensland National Bank, Gympie",,,,22148,Fewer than 30 watchers,,0,24,32,0,0,6
55913296,Little River (North Umpqua River),,,,74,Fewer than 30 watchers,,0,18,1,0,0,
35828882,Marco Gerini,,,,2109,Fewer than 30 watchers,,0,25,19,0,0,4
8025512,Tullaberga Island,,,,3179,Fewer than 30 watchers,,1,35,26,2,2,5
24779461,Nikos Soultanidis,,,,2977,Fewer than 30 watchers,,1,22,54,0,0,6
10368133,Tommy Neilson,,,,2860,Fewer than 30 watchers,,0,28,38,0,0,4
40141210,Trabzon Cup,,,,2189,Fewer than 30 watchers,,4,9,24,0,0,
42372485,John Wayland,,,,1642,Fewer than 30 watchers,,2,28,8,0,0,
48879284,"Kingscreek, Ohio",,,,1311,Fewer than 30 watchers,,0,18,11,0,0,3
18195508,Edwin Hurry Fenwick,,,,1252,Fewer than 30 watchers,,1,36,33,0,0,6
42296875,John Martin (bibliographer),,,,5086,Fewer than 30 watchers,,0,7,12,0,0,12
17300838,List of firsts in Sweden,,,,3632,Fewer than 30 watchers,,1,13,61,0,0,5
7663373,Glengarnock High railway station,,,,2869,Fewer than 30 watchers,,0,19,35,0,0,5
22374185,Mutual Blackbird,,,,3542,Fewer than 30 watchers,,0,23,19,0,0,
20616758,Gobiodon acicularis,,,,1014,Fewer than 30 watchers,,1,30,24,0,0,4
35850154,Atractocerus,,,,3429,Fewer than 30 watchers,,2,36,15,0,0,4
33021242,John Donaldson (painter),,,,1177,Fewer than 30 watchers,,0,18,13,0,0,10
14740015,"Orange Center Historic District (Orange, Massachusetts)",,,,3158,Fewer than 30 watchers,,1,26,34,0,0,7
41830019,Deh Damcheh,,,,1874,Fewer than 30 watchers,,3,3,5,0,0,5
15100401,Gmina Łazy,,,,2437,Fewer than 30 watchers,,3,21,21,1,1,
44925375,Albert C. Jacobs,,,,2508,Fewer than 30 watchers,,2,16,33,0,0,8
19057772,2006 Kyrgyzstan League,,,,3218,Fewer than 30 watchers,,1,10,20,0,0,
20707055,Clément Sawadogo,,,,3056,Fewer than 30 watchers,,3,12,25,0,0,7
13476613,Norderstapel,,,,1130,Fewer than 30 watchers,,0,13,27,0,0,10
29181597,Assistant Bishop of Newcastle,,,,61,Fewer than 30 watchers,,0,0,37,0,0,
30271358,6th Independent Battery Indiana Light Artillery,,,,4632,Fewer than 30 watchers,,0,20,8,0,0,3
7496601,Jerry Golden,,,,1846,Fewer than 30 watchers,,0,26,31,2,1,
40414207,BulbAmerica,,,,1774,Fewer than 30 watchers,,1,19,12,0,0,2
30881071,2011 ITU Triathlon World Cup,,,,10047,Fewer than 30 watchers,,0,14,38,0,0,
4780510,Pablo Herrera,,,,465,Fewer than 30 watchers,,2,21,27,0,0,
46941538,Madelin Riera,,,,3522,Fewer than 30 watchers,,1,21,19,0,0,6
10600649,Giovanni Battista Lama,,,,1716,Fewer than 30 watchers,,2,16,40,0,0,9
47387477,College Football America Yearbook,,,,8137,Fewer than 30 watchers,,0,85,32,5,2,2
11400874,Patsy Callighen,,,,1030,Fewer than 30 watchers,,1,6,30,0,0,3
28935478,Erlach (Hirschaid),,,,6014,Fewer than 30 watchers,,0,16,17,0,0,7
3347726,Steve Doran,,,,3153,Fewer than 30 watchers,,1,10,72,0,0,3
4297133,Gordon Slemon,,,,4158,Fewer than 30 watchers,,2,17,34,1,1,10
38170178,Jim Bredar,,,,8646,Fewer than 30 watchers,,0,20,32,0,0,2
36130118,"Towhidabad, Golestan",,,,1853,Fewer than 30 watchers,,1,13,6,0,0,5
38126855,Grahapati Kokkala inscription,,,,3571,Fewer than 30 watchers,,2,40,30,0,0,
22150345,Mabra,,,,1574,Fewer than 30 watchers,,1,12,20,0,0,4
3281013,Blore with Swinscoe,,,,914,Fewer than 30 watchers,,1,22,19,0,0,7
20900344,Tony Tremlett (bishop),,,,4212,Fewer than 30 watchers,,1,25,50,0,0,6
36070851,Javier Varela,,,,1284,Fewer than 30 watchers,,1,10,16,0,0,4
32549745,Asa P. Robinson,,,,3939,Fewer than 30 watchers,,0,32,31,0,0,6
10933997,Detonator (film),,,,95,Fewer than 30 watchers,,0,4,6,0,0,2
5672232,Got the Thirst,,,,1310,Fewer than 30 watchers,,0,26,17,0,0,6
9030604,Oglakhty,,,,1354,Fewer than 30 watchers,,1,29,33,0,0,5
16880013,Sorochuco District,,,,2801,Fewer than 30 watchers,,0,6,17,0,0,8
32709384,Evgeny Palenga,,,,1240,Fewer than 30 watchers,,0,13,9,0,0,3
34270087,Maurice Françon,,,,2112,Fewer than 30 watchers,,1,14,18,0,0,21
10945495,Samuel Hazan,,,,2456,Fewer than 30 watchers,,1,21,48,0,0,6
39148913,Mountain pine (disambiguation),,,,441,Fewer than 30 watchers,,0,29,6,0,0,
37262182,Bessieres Island,,,,1548,Fewer than 30 watchers,,1,30,24,0,0,
16623945,SS Potsdam,,,,670,Fewer than 30 watchers,,0,46,12,0,0,3
24123225,Stewiacke Valley,,,,1459,Fewer than 30 watchers,,0,24,15,0,0,
28097501,Aloeides aranda,,,,2040,Fewer than 30 watchers,,8,16,24,1,1,5
43203036,Australian Volunteers for International Development,,,,3036,Fewer than 30 watchers,,0,26,38,0,0,5
39572607,"Upper Pohatcong, New Jersey",,,,7073,Fewer than 30 watchers,,1,17,21,0,0,5
15845359,"Meilhan, Landes",,,,1707,Fewer than 30 watchers,,0,12,46,1,1,10
44340282,Railroad Depot Complex,,,,2181,Fewer than 30 watchers,,0,15,17,0,0,5
0,SciFan,,,,0,Fewer than 30 watchers,,0,0,,,,
34440620,Nikola Spanić,,,,1096,Fewer than 30 watchers,,1,38,21,0,0,2
6226645,Alaska Board of Nursing,,,,614,Fewer than 30 watchers,,1,5,22,0,0,
11164392,Directive for the Establishment and Maintenance of a Security Service,,,,5317,Fewer than 30 watchers,,1,8,28,0,0,
36483296,Tithe Act,,,,1193,Fewer than 30 watchers,,2,7,6,0,0,
28780424,Cabrito Rock,,,,2219,Fewer than 30 watchers,,0,8,18,0,0,4
57075809,George Boyle Hanna,,,,64,Fewer than 30 watchers,,0,9,2,0,0,
47198312,Nigel Costello,,,,3255,Fewer than 30 watchers,,1,19,10,0,0,5
43804708,Belle vie,,,,714,Fewer than 30 watchers,,2,16,10,0,0,
12907540,Polycarpaea caespitosa,,,,1541,Fewer than 30 watchers,,0,11,20,0,0,5
31834988,Euselenops luniceps,,,,3571,Fewer than 30 watchers,,2,32,27,0,0,4
59242321,"Braintree District Council election, 2011",,,,71,Fewer than 30 watchers,,0,2,1,0,0,
36225118,Willy Wolterstorff,,,,4368,Fewer than 30 watchers,,0,16,17,0,0,6
16763553,Akoumokoumo,,,,1893,Fewer than 30 watchers,,0,7,9,0,0,4
46959776,Holocacista varii,,,,2771,Fewer than 30 watchers,,2,4,13,0,0,4
28388375,Kučići (Trebinje),,,,2509,Fewer than 30 watchers,,1,13,13,0,0,5
33656016,1999 DFS Classic,,,,3715,Fewer than 30 watchers,,0,1,29,0,0,4
24515020,Tony McPeak (footballer),,,,6482,Fewer than 30 watchers,,1,9,49,0,0,5
42310745,2008 Arkansas High School 7A Boys Soccer Season,,,,20320,Fewer than 30 watchers,,0,4,31,0,0,5
13626384,Pseudo-modal energies,,,,545,Fewer than 30 watchers,,0,8,18,0,0,
44362225,2007 European Athletics U23 Championships – Women's javelin throw,,,,7505,Fewer than 30 watchers,,1,7,13,0,0,
29810883,Bröl,,,,2052,Fewer than 30 watchers,,0,5,22,0,0,7
53313682,William Kirkbride,,,,45,Fewer than 30 watchers,,0,11,1,0,0,
23626403,Žďár nad Metují,,,,3405,Fewer than 30 watchers,,1,13,21,0,0,12
18430296,Jean Gamans,,,,3897,Fewer than 30 watchers,,1,16,20,2,2,9
23625423,Březina (Jičín District),,,,3155,Fewer than 30 watchers,,1,10,28,0,0,8
27942549,Joe Klinger,,,,2077,Fewer than 30 watchers,,0,4,24,0,0,3
45313592,Ogé Beauvoir,,,,3067,Fewer than 30 watchers,,1,34,23,0,0,2
29435911,Krok Fjord,,,,693,Fewer than 30 watchers,,0,7,19,0,0,3
23388566,Alyaksandr Hawrushka,,,,2500,Fewer than 30 watchers,,3,13,64,0,0,5
32465994,2004–05 Asia League Ice Hockey season,,,,2312,Fewer than 30 watchers,,1,17,14,0,0,
35857697,Bellechasse (Lower Canada),,,,1245,Fewer than 30 watchers,,0,14,2,0,0,3
15792720,Saint-Georges-sur-Arnon,,,,2158,Fewer than 30 watchers,,0,10,49,0,0,10
694788,Leftfoot,,,,1090,Fewer than 30 watchers,,0,12,25,0,0,2
38837200,Chinga su Corazon,,,,2760,Fewer than 30 watchers,,1,21,17,0,0,6
50226798,Instituto Oxford,,,,808,Fewer than 30 watchers,,0,13,6,0,0,4
35421545,Genga River,,,,490,Fewer than 30 watchers,,0,27,6,0,0,2
13036717,Mules and Mortgages,,,,1446,Fewer than 30 watchers,,0,13,24,0,0,5
15738937,Séailles,,,,1420,Fewer than 30 watchers,,1,33,44,0,0,9
23335011,The Mumbai Xpress,,,,226,Fewer than 30 watchers,,0,15,39,0,0,3
11517276,Crucial FM,,,,521,Fewer than 30 watchers,,0,21,7,0,0,5
37554748,Psychedelic Desert,,,,1580,Fewer than 30 watchers,,0,16,8,0,0,7
26001024,Sohaila Sharifi,,,,1577,Fewer than 30 watchers,,0,23,28,0,0,5
16846189,"Parenting, Inc.",,,,2781,Fewer than 30 watchers,,0,25,40,1,1,6
20581722,Stoner Lake,,,,2113,Fewer than 30 watchers,,0,28,23,0,0,4
20988789,"Zawady, Kalisz County",,,,1356,Fewer than 30 watchers,,0,10,10,0,0,6
19001842,"Leliwa, Łódź Voivodeship",,,,1551,Fewer than 30 watchers,,1,12,9,0,0,5
25240526,Jules Marion,,,,3543,Fewer than 30 watchers,,3,19,74,0,0,4
14469068,The Afternoon Shift,,,,982,Fewer than 30 watchers,,0,13,15,0,0,
43577267,Karl Alexander Wilhelm von Treskow,,,,1499,Fewer than 30 watchers,,0,22,7,0,0,3
42452396,2014 Pacific Rim Gymnastics Championships – Rhythmic Gymnastics,,,,31735,Fewer than 30 watchers,,1,13,25,0,0,
25930955,Vriesea incurva,,,,2068,Fewer than 30 watchers,,3,11,12,0,0,6
29733686,Linder Peak,,,,925,Fewer than 30 watchers,,0,9,16,0,0,3
0,Ab Naruiyeh,,,,0,Fewer than 30 watchers,,0,0,,,,
49329683,Otávio Bulgarelli,,,,1880,Fewer than 30 watchers,,0,20,11,0,0,4
24606319,Park Chang-kyu,,,,1739,Fewer than 30 watchers,,2,10,27,0,0,2
0,Yewale,,,,0,Fewer than 30 watchers,,0,0,,,,
44144126,Mathias J. Berres,,,,1730,Fewer than 30 watchers,,0,9,11,0,0,2
28426488,Agraura,,,,505,Fewer than 30 watchers,,0,17,13,0,0,5
10141278,Ray E. Heady,,,,1458,Fewer than 30 watchers,,1,14,29,0,0,
36288440,New Brunswick Route 460,,,,2317,Fewer than 30 watchers,,0,4,9,0,0,10
746519,Rainer Hertrich,,,,4113,Fewer than 30 watchers,,0,8,52,0,0,8
47357658,Yoav Bear,,,,2374,Fewer than 30 watchers,,0,6,11,0,0,4
18019529,Tsuruhara Station,,,,3049,Fewer than 30 watchers,,0,10,23,0,0,12
7933211,Christophe Justel,,,,1155,Fewer than 30 watchers,,2,10,23,0,0,17
23337912,Sweden national football team 1997,,,,65,Fewer than 30 watchers,,0,3,23,0,0,
9172952,Battle of Najaf,,,,369,Fewer than 30 watchers,,2,9,9,0,0,
19090301,Mahadevpuri,,,,4760,Fewer than 30 watchers,,0,16,24,0,0,3
19100743,1971 South American Open (tennis),,,,2890,Fewer than 30 watchers,,2,8,38,0,0,
33461717,Vezičevo,,,,2940,Fewer than 30 watchers,,1,8,20,0,0,7
27098319,Dermomurex kaicherae,,,,2009,Fewer than 30 watchers,,0,10,19,0,0,8
43194888,Geostachys,,,,3152,Fewer than 30 watchers,,1,23,10,0,0,3
33461628,Dragodol,,,,3207,Fewer than 30 watchers,,0,18,19,0,0,8
35829049,Charaphloeus,,,,2154,Fewer than 30 watchers,,0,5,7,0,0,5
26201476,Íris Guðmundsdóttir,,,,1351,Fewer than 30 watchers,,2,13,30,0,0,6
34362013,Sean O'Mahony (Gaelic footballer),,,,5126,Fewer than 30 watchers,,2,24,27,0,0,9
28286210,Pascale Grand,,,,2558,Fewer than 30 watchers,,0,21,21,0,0,4
35628102,Sam Nunis,,,,3440,Fewer than 30 watchers,,0,11,14,0,0,2
21204708,Rydzynka,,,,1538,Fewer than 30 watchers,,0,3,11,0,0,7
47492624,Phanda Khurd,,,,3908,Fewer than 30 watchers,,0,14,10,0,0,6
0,Suleyman Abdullin,,,,0,Fewer than 30 watchers,,0,0,,,,
6820199,Encounters (anthology),,,,2145,Fewer than 30 watchers,,0,4,22,0,0,
21407076,Pokręt,,,,1844,Fewer than 30 watchers,,1,3,9,0,0,7
27056128,Didianema pauli,,,,1432,Fewer than 30 watchers,,0,0,22,0,0,8
35883126,Kristina Bergstrand,,,,1711,Fewer than 30 watchers,,0,11,15,0,0,3
23769638,Frederick Donald MacKenzie,,,,2811,Fewer than 30 watchers,,1,8,25,0,0,3
18269976,Nerkin Nedzhirlu,,,,1227,Fewer than 30 watchers,,1,6,13,0,0,4
28636584,Mayne Preceptory,,,,1358,Fewer than 30 watchers,,0,9,25,0,0,5
45379476,Spirama inconspicua,,,,1093,Fewer than 30 watchers,,1,6,12,0,0,5
23621685,Eurhinosea,,,,1699,Fewer than 30 watchers,,1,10,21,0,0,5
5789653,Krasnobród Landscape Park,,,,1648,Fewer than 30 watchers,,4,18,23,0,0,
27619680,Cymbovula,,,,2704,Fewer than 30 watchers,,0,7,12,0,0,4
34853510,2011 Hangzhou Greentown F.C. season,,,,6348,Fewer than 30 watchers,,1,7,10,0,0,7
34969798,Francisco Andra,,,,1435,Fewer than 30 watchers,,0,5,21,0,0,8
38483220,23S rRNA (uridine2552-2'-O)-methyltransferase,,,,2557,Fewer than 30 watchers,,7,5,15,0,0,
8507191,Primrose Brook,,,,988,Fewer than 30 watchers,,0,14,31,0,0,3
4132715,Pingnan,,,,771,Fewer than 30 watchers,,2,29,13,0,0,
29583909,Matney Peak,,,,1079,Fewer than 30 watchers,,0,6,15,0,0,3
39258263,Sung Yi-chieh,,,,3028,Fewer than 30 watchers,,1,23,14,0,0,6
26173768,Boldraž,,,,4748,Fewer than 30 watchers,,1,16,15,1,1,5
43818242,Donald Watson (rugby union),,,,2279,Fewer than 30 watchers,,0,11,6,0,0,6
21666824,"Białe Błoto, Gmina Dziemiany",,,,1846,Fewer than 30 watchers,,1,5,7,0,0,5
36037846,When Liking Turns to Loving,,,,1495,Fewer than 30 watchers,,1,25,14,0,0,5
40505784,"Qareh Gowzlu, East Azerbaijan",,,,1830,Fewer than 30 watchers,,0,10,5,0,0,5
12903837,Palaquium mindanaense,,,,945,Fewer than 30 watchers,,0,11,25,0,0,5
44799383,Insurance agents and brokers in Iran,,,,43,Fewer than 30 watchers,,0,6,16,0,0,
16086737,"Davis Creek Township, Valley County, Nebraska",,,,3503,Fewer than 30 watchers,,2,9,17,0,0,5
59198222,"Sydenham by-election, 1974",,,,56,Fewer than 30 watchers,,0,5,1,0,0,
40959402,Nops guanabacoae,,,,2028,Fewer than 30 watchers,,0,15,17,0,0,3
43126077,Halomonas alimentaria,,,,2474,Fewer than 30 watchers,,0,19,18,0,0,4
44147205,Megachile natansiella,,,,687,Fewer than 30 watchers,,0,5,10,0,0,4
22618934,Lindsay Sparks,,,,4963,Fewer than 30 watchers,,1,15,21,0,0,6
28415532,Theodore Robinson (cricketer),,,,5608,Fewer than 30 watchers,,0,9,28,0,0,4
23924915,Pirapozinho River,,,,800,Fewer than 30 watchers,,0,5,9,0,0,2
34637755,George Cope,,,,347,Fewer than 30 watchers,,1,5,10,0,0,
36477403,Taastrup Water Tower,,,,2407,Fewer than 30 watchers,,0,12,25,0,0,3
17368384,Koumalo,,,,4761,Fewer than 30 watchers,,0,2,17,0,0,4
0,Sprockettes,,,,0,Fewer than 30 watchers,,0,0,,,,
48985076,William Dunstone,,,,1878,Fewer than 30 watchers,,1,9,6,0,0,5
5827186,Thyenula,,,,4198,Fewer than 30 watchers,,3,10,31,0,0,6
36001244,VPS26B,,,,1155,Fewer than 30 watchers,,1,8,11,0,0,
9980370,Plasmodium mackerrasae,,,,2192,Fewer than 30 watchers,,0,9,14,0,0,4
12131053,Archibald Currie (Canadian politician),,,,2091,Fewer than 30 watchers,,1,5,18,0,0,
31188111,Science and Technology Museum,,,,1029,Fewer than 30 watchers,,3,5,6,0,0,3
38106666,"Karacalar, Mengen",,,,2233,Fewer than 30 watchers,,0,5,15,0,0,7
38444235,Mordella punctulata,,,,1223,Fewer than 30 watchers,,0,3,13,0,0,4
25008892,Navarretia breweri,,,,1370,Fewer than 30 watchers,,1,11,10,0,0,5
0,New Store Europe,,,,0,Fewer than 30 watchers,,0,0,,,,
25943239,Barbatula zetensis,,,,1029,Fewer than 30 watchers,,4,8,22,0,0,4
19955521,"Helenów, Węgrów County",,,,1365,Fewer than 30 watchers,,1,8,10,0,0,7
24514987,Love in a Million Shades,,,,3649,Fewer than 30 watchers,,1,7,26,2,1,5
52650418,United States national amateur boxing light middleweight champions,,,,105,Fewer than 30 watchers,,0,3,1,0,0,
22834861,Alloscelus,,,,1177,Fewer than 30 watchers,,0,11,11,0,0,5
29766505,Acrocercops camptochrysa,,,,813,Fewer than 30 watchers,,0,1,16,0,0,4
10219649,Fornelos Castle,,,,1101,Fewer than 30 watchers,,0,10,15,0,0,4
16124929,Valther Jensen,,,,1065,Fewer than 30 watchers,,0,15,22,2,1,5
52234393,Tux (cattle),,,,44,Fewer than 30 watchers,,0,3,1,0,0,
47918764,"Stan Harrison (footballer, born 1940)",,,,1356,Fewer than 30 watchers,,1,2,13,0,0,7
21887247,"Drozdowo, Kołobrzeg County",,,,1879,Fewer than 30 watchers,,1,12,10,0,0,6
10303169,Toilers Organisation of Afghanistan,,,,1432,Fewer than 30 watchers,,0,46,17,0,0,2
52215029,Orgullo Antioqueño,,,,43,Fewer than 30 watchers,,0,2,2,0,0,
32751940,Mormogystia proleuca,,,,1476,Fewer than 30 watchers,,1,2,18,0,0,5
47983757,Charles Otzenberger-Detaille,,,,1459,Fewer than 30 watchers,,1,17,20,0,0,5
43173682,Edward P. Larkin,,,,3619,Fewer than 30 watchers,,0,19,18,0,0,2
19018807,Szarkówka,,,,1624,Fewer than 30 watchers,,1,3,7,0,0,5
49542052,Denny Despert,,,,1790,Fewer than 30 watchers,,0,3,8,0,0,
27073611,Solariella chodon,,,,1154,Fewer than 30 watchers,,0,9,17,1,1,8
56572568,Akita-Shirakami Station,,,,53,Fewer than 30 watchers,,0,0,1,0,0,
19115345,Iyaguchi Station,,,,3600,Fewer than 30 watchers,,0,4,26,0,0,6
40823804,Damias simillima,,,,906,Fewer than 30 watchers,,1,2,13,0,0,4
24933526,Likoma (moth),,,,1153,Fewer than 30 watchers,,0,2,18,0,0,4
29303586,Phyllonorycter purgantella,,,,1133,Fewer than 30 watchers,,1,8,16,0,0,4
37709114,Tachina defecta,,,,992,Fewer than 30 watchers,,0,4,10,0,0,4
30045857,Schlink,,,,345,Fewer than 30 watchers,,0,10,6,0,0,3
33265566,George Bockelberg,,,,1435,Fewer than 30 watchers,,2,9,20,0,0,7
40887576,Pseudatteria ardoris,,,,1388,Fewer than 30 watchers,,0,3,8,0,0,5
42221511,2000 Asian Athletics Championships – Men's 4 × 400 metres relay,,,,1957,Fewer than 30 watchers,,1,10,5,0,0,
22506023,Ripton MacPherson,,,,1182,Fewer than 30 watchers,,0,4,25,0,0,4
26734723,Jesús López de Lara,,,,1725,Fewer than 30 watchers,,1,7,20,0,0,6
48918690,Otto Mejer,,,,2852,Fewer than 30 watchers,,0,3,12,0,0,8
33325927,Trelassick,,,,448,Fewer than 30 watchers,,0,9,8,0,0,5
0,Lake Shore Tower 1,,,,0,Fewer than 30 watchers,,0,0,,,,
21261427,"Adamów, Gmina Mykanów",,,,1645,Fewer than 30 watchers,,1,4,8,0,0,5
2768539,Æthelwine of Abingdon,,,,1060,Fewer than 30 watchers,,4,4,27,0,0,4
42952473,Woree State School,,,,1224,Fewer than 30 watchers,,1,13,26,0,0,10
41084178,Pashkam,,,,1766,Fewer than 30 watchers,,1,2,5,0,0,5
45716443,"Jim Williamson (footballer, born January 1909)",,,,6132,Fewer than 30 watchers,,0,6,14,0,0,8
11969873,William Dunbar (disambiguation),,,,1069,Fewer than 30 watchers,,0,22,21,0,0,
29530235,Stanislav Hristov,,,,1491,Fewer than 30 watchers,,0,9,22,0,0,4
25397157,Vriesea schunkii,,,,1019,Fewer than 30 watchers,,0,4,11,0,0,5
21560278,Chojniczki-Wybudowanie,,,,1694,Fewer than 30 watchers,,0,5,5,0,0,5
37312959,Athletics at the 2004 Summer Paralympics – Men's 100 metres T52–54,,,,15444,Fewer than 30 watchers,,9,7,12,0,0,
31282989,Anthidium placitum,,,,1437,Fewer than 30 watchers,,5,5,12,0,0,4
21030305,"Pawłówko, Gmina Buk",,,,1427,Fewer than 30 watchers,,1,6,11,0,0,6
35474005,"Varabad, Tehran",,,,1820,Fewer than 30 watchers,,0,3,3,0,0,5
41522398,Negovan,,,,578,Fewer than 30 watchers,,1,11,6,0,0,
38639116,Sar Saleh Kutah,,,,2355,Fewer than 30 watchers,,1,7,7,0,0,5
43930940,Simsky,,,,680,Fewer than 30 watchers,,2,7,2,0,0,4
33219026,"Altıntaş, Çelikhan",,,,2537,Fewer than 30 watchers,,1,5,21,0,0,8
50368589,Oil Circuit Breaker,,,,147,Fewer than 30 watchers,,0,2,6,0,0,4
25393419,Gabrce,,,,4293,Fewer than 30 watchers,,0,3,15,0,0,4
25692748,Rieumory Aqueduct,,,,1461,Fewer than 30 watchers,,0,9,16,0,0,5
47344998,James S. Handford House,,,,2105,Fewer than 30 watchers,,0,10,12,0,0,5
48897522,Chirkin,,,,337,Fewer than 30 watchers,,1,19,3,0,0,4
0,Nikita Kukoyaka,,,,0,Fewer than 30 watchers,,0,0,,,,
0,Accessibility and built environments,,,,0,Fewer than 30 watchers,,0,0,,,,
19918072,"Stanisławów, Gmina Chlewiska",,,,1498,Fewer than 30 watchers,,1,7,12,0,0,7
32821422,Niccolò Galli,,,,185,Fewer than 30 watchers,,3,4,6,0,0,
26755851,Mitromorpha senegalensis,,,,1791,Fewer than 30 watchers,,1,10,26,0,0,8
24386107,Catocala grisatra,,,,1213,Fewer than 30 watchers,,2,5,17,0,0,5
49886112,"Stražišče, Prevalje",,,,5099,Fewer than 30 watchers,,0,10,5,0,0,4
21520582,Nowe Kolnie,,,,1747,Fewer than 30 watchers,,0,4,10,0,0,6
45436249,Akporvik Hill,,,,632,Fewer than 30 watchers,,0,5,6,0,0,4
15884252,Ilova River (Timiș),,,,28,Fewer than 30 watchers,,0,0,21,0,0,
34799742,Georg Lous,,,,4020,Fewer than 30 watchers,,1,5,11,0,0,
62480349,Scinax jureia,,,,76,Fewer than 30 watchers,,0,4,1,0,0,
37700191,Tachina casta,,,,1249,Fewer than 30 watchers,,0,9,13,0,0,4
47020265,Trambesh Peak,,,,2604,Fewer than 30 watchers,,0,6,14,0,0,5
23965353,Okumoto,,,,302,Fewer than 30 watchers,,0,8,13,0,0,4
45664664,Canucha sublignata,,,,2203,Fewer than 30 watchers,,3,10,13,0,0,5
26245948,Hyperstrotia pervertens,,,,2193,Fewer than 30 watchers,,4,4,25,0,0,4
28384134,Ostružnja Donja,,,,2556,Fewer than 30 watchers,,1,6,16,0,0,5
27073715,Calliostoma belauense,,,,1813,Fewer than 30 watchers,,1,2,22,0,0,10
45427920,Nomada bicellularis,,,,1247,Fewer than 30 watchers,,0,4,14,0,0,4
38680934,Booneville School District,,,,221,Fewer than 30 watchers,,1,2,5,0,0,
24325082,Kozaki Osuchowskie,,,,1641,Fewer than 30 watchers,,0,4,8,0,0,5
21857829,Kostrzewski,,,,502,Fewer than 30 watchers,,1,7,7,0,0,3
14524442,Trygve Moe (politician),,,,974,Fewer than 30 watchers,,0,5,18,0,0,4
25805556,Asota fulvia,,,,768,Fewer than 30 watchers,,1,2,15,0,0,5
42272140,Spilarctia adumbrata,,,,1112,Fewer than 30 watchers,,1,5,14,0,0,5
39548104,Bert Nelson,,,,540,Fewer than 30 watchers,,3,12,9,0,0,
29206249,Justice Burke,,,,1130,Fewer than 30 watchers,,1,5,19,0,0,
14732672,"Kobylniki, Środa Śląska County",,,,1704,Fewer than 30 watchers,,1,1,17,0,0,6
48987476,Lecithocera parenthesis,,,,813,Fewer than 30 watchers,,0,30,9,0,0,4
22459028,Neoborocera,,,,1478,Fewer than 30 watchers,,1,5,12,0,0,5
60946594,Sermoneta Cathedral,,,,82,Fewer than 30 watchers,,0,4,1,0,0,
54782943,Kaive parish,,,,43,Fewer than 30 watchers,,0,0,1,0,0,
10581139,Tuora-Kyuyol,,,,520,Fewer than 30 watchers,,0,5,7,0,0,4
0,Visceralmedia Records,,,,0,Fewer than 30 watchers,,0,0,,,,
39540513,"Taqiabad, Zarand",,,,1923,Fewer than 30 watchers,,1,0,5,0,0,5
35682264,Synersaga pseudocathra,,,,700,Fewer than 30 watchers,,1,5,11,1,1,5
48613625,Rao Rura Singh,,,,28,Fewer than 30 watchers,,0,1,8,0,0,
43606346,Adetus subcostatus,,,,743,Fewer than 30 watchers,,0,3,8,0,0,5
0,Christen Smed,,,,0,Fewer than 30 watchers,,0,0,,,,
26755085,Curtitoma novajasemljensis,,,,3360,Fewer than 30 watchers,,1,0,28,0,0,4
51060872,South African NG 0-4-0T 1899,,,,53,Fewer than 30 watchers,,0,4,1,0,0,
50608221,Ōsama (musician),,,,92,Fewer than 30 watchers,,0,0,2,0,0,3
42957732,Hybodera debilis,,,,951,Fewer than 30 watchers,,0,3,8,0,0,5
28990585,Leucoptera celastrella,,,,1620,Fewer than 30 watchers,,1,0,21,0,0,5
0,Jesus Christ Only TV,,,,0,Fewer than 30 watchers,,0,0,,,,
45657363,Auzata semipavonaria,,,,1863,Fewer than 30 watchers,,0,2,11,0,0,7
2550681,Bass Rock (disambiguation),,,,627,Fewer than 30 watchers,,0,8,12,0,0,
26629652,CUWS,,,,224,Fewer than 30 watchers,,0,12,7,0,0,
13237793,Valea Rorii River (Bazna),,,,36,Fewer than 30 watchers,,0,1,15,0,0,
42115299,Poliopastea obscura,,,,1141,Fewer than 30 watchers,,2,0,12,0,0,4
55494378,Paine Airport,,,,51,Fewer than 30 watchers,,0,6,1,0,0,
53153255,Yawat railway station,,,,52,Fewer than 30 watchers,,0,2,1,0,0,
50392857,Don Juan (1927 film),,,,50,Fewer than 30 watchers,,0,1,1,0,0,
20269044,Hugh of Burgundy (disambiguation),,,,470,Fewer than 30 watchers,,0,5,3,0,0,
49159281,Liadov Glacier,,,,122,Fewer than 30 watchers,,0,1,8,0,0,3
29084654,Diamond Ranch,,,,367,Fewer than 30 watchers,,1,1,3,0,0,
26722457,Sarria (disambiguation),,,,612,Fewer than 30 watchers,,2,6,12,0,0,
29259942,Dyshekov,,,,357,Fewer than 30 watchers,,1,4,8,0,0,4
49589128,Thomas Ludlam,,,,253,Fewer than 30 watchers,,2,1,6,0,0,
0,Trail Pictures,,,,0,Fewer than 30 watchers,,0,0,,,,
43543892,Lowerarchy,,,,227,Fewer than 30 watchers,,0,12,1,0,0,
56918701,2011 Japan Women's Football League,,,,52,Fewer than 30 watchers,,0,0,2,0,0,
33386220,William Call (disambiguation),,,,259,Fewer than 30 watchers,,3,1,4,0,0,
42050806,Paranerita hyalinata,,,,1340,Fewer than 30 watchers,,2,2,12,0,0,4
14987042,Fayette Township,,,,452,Fewer than 30 watchers,,1,0,6,0,0,
50796811,Kiabonyoru primary school,,,,109,Fewer than 30 watchers,,0,0,4,0,0,3
33925937,John Lauder (disambiguation),,,,568,Fewer than 30 watchers,,0,1,5,0,0,
34894413,Tim Flood,,,,174,Fewer than 30 watchers,,1,3,4,0,0,
8323417,Thomas Hazlehurst,,,,412,Fewer than 30 watchers,,1,1,8,0,0,
20925435,Thorpe on the Hill,,,,151,Fewer than 30 watchers,,2,1,5,0,0,
50498754,Michael Quinn (paralympian),,,,57,Fewer than 30 watchers,,0,1,1,0,0,
31980489,Villa Grande (disambiguation),,,,271,Fewer than 30 watchers,,0,7,1,0,0,
0,ZeroNine Manufacturing,,,,0,Fewer than 30 watchers,,0,0,,,,
40392375,Tushmanlu,,,,151,Fewer than 30 watchers,,3,1,5,0,0,
17800846,Methylmalonate semialdehyde dehydrogenase,,,,155,Fewer than 30 watchers,,0,2,3,0,0,
43609421,The Camelots,,,,281,Fewer than 30 watchers,,0,5,4,0,0,
35435895,Mahmudiyeh,,,,417,Fewer than 30 watchers,,1,1,12,0,0,
21855577,Nostru,,,,274,Fewer than 30 watchers,,0,1,1,0,0,
0,Princha Khen,,,,0,Fewer than 30 watchers,,0,0,,,,
16023914,Roman Catholic Diocese of Cartago,,,,177,Fewer than 30 watchers,,2,0,6,0,0,
52798973,Sieglseen,,,,39,Fewer than 30 watchers,,0,5,1,0,0,
0,Juliana Castro (volleyball),,,,0,Fewer than 30 watchers,,0,0,,,,
47163245,Laz River,,,,25,Fewer than 30 watchers,,0,0,6,0,0,
47147392,Hotaru River,,,,24,Fewer than 30 watchers,,0,0,3,0,0,
0,Dandamudi Sumathi,,,,0,Fewer than 30 watchers,,0,0,,,,
0,Brayford Radio,,,,0,Fewer than 30 watchers,,0,0,,,,
